episode,total_reward,avg_response_min,icu_surge_count,diversions,triage_accuracy,epsilon
1,17.54,1.45,11,12,30.0,0.997
2,248.46,1.5,7,5,20.0,0.994
3,232.45,1.46,9,6,30.0,0.991
4,122.44,1.34,8,7,10.0,0.9881
5,223.56,1.46,14,12,20.0,0.9851
6,252.76,1.43,8,7,22.0,0.9821
7,-26.0,1.48,9,11,8.0,0.9792
8,253.88,1.38,11,8,12.0,0.9763
9,102.34,1.45,16,9,22.0,0.9733
10,114.4,1.44,9,15,16.0,0.9704
11,-37.35,1.56,5,8,14.0,0.9675
12,256.3,1.6,10,10,28.0,0.9646
13,399.67,1.52,11,13,24.0,0.9617
14,142.5,1.36,4,9,30.0,0.9588
15,149.91,1.49,9,10,20.0,0.9559
16,25.28,1.37,7,8,20.0,0.9531
17,560.34,1.55,10,12,30.0,0.9502
18,166.04,1.53,10,10,30.0,0.9474
19,139.72,1.54,7,10,20.0,0.9445
20,393.05,1.67,13,14,26.0,0.9417
21,298.4,1.6,10,8,28.0,0.9389
22,556.66,1.53,11,13,24.0,0.936
23,232.99,1.68,7,12,36.0,0.9332
24,173.44,1.5,12,9,22.0,0.9304
25,341.9,1.49,12,9,34.0,0.9276
26,173.86,1.54,7,9,18.0,0.9249
27,368.84,1.4,9,9,30.0,0.9221
28,435.69,1.5,11,6,26.0,0.9193
29,226.69,1.52,7,7,22.0,0.9166
30,389.97,1.51,8,3,26.0,0.9138
31,364.77,1.57,9,12,34.0,0.9111
32,238.16,1.34,8,10,26.0,0.9083
33,354.99,1.53,9,6,22.0,0.9056
34,424.29,1.42,12,12,26.0,0.9029
35,533.17,1.54,8,5,20.0,0.9002
36,519.43,1.61,5,8,22.0,0.8975
37,323.14,1.47,11,5,22.0,0.8948
38,678.62,1.44,10,9,36.0,0.8921
39,496.24,1.53,11,11,22.0,0.8894
40,280.42,1.58,9,11,30.0,0.8868
41,525.95,1.49,11,11,32.0,0.8841
42,346.23,1.49,13,10,18.0,0.8814
43,359.31,1.45,5,9,26.0,0.8788
44,644.72,1.56,12,6,28.0,0.8762
45,400.69,1.33,11,7,28.0,0.8735
46,500.81,1.38,8,9,18.0,0.8709
47,512.31,1.73,5,7,28.0,0.8683
48,634.81,1.46,10,11,24.0,0.8657
49,590.63,1.52,7,9,20.0,0.8631
50,362.16,1.61,7,9,26.0,0.8605
51,880.07,1.56,8,6,46.0,0.8579
52,517.46,1.41,11,7,32.0,0.8554
53,530.52,1.4,9,9,22.0,0.8528
54,479.49,1.53,5,6,38.0,0.8502
55,189.19,1.54,7,7,18.0,0.8477
56,549.09,1.57,8,10,20.0,0.8451
57,575.15,1.55,12,10,30.0,0.8426
58,554.52,1.57,8,11,16.0,0.8401
59,697.59,1.54,6,8,32.0,0.8376
60,390.04,1.62,11,9,24.0,0.835
61,675.23,1.67,9,11,36.0,0.8325
62,662.78,1.47,7,13,24.0,0.83
63,799.05,1.56,9,7,34.0,0.8276
64,602.55,1.44,5,6,16.0,0.8251
65,869.89,1.43,8,8,44.0,0.8226
66,599.69,1.46,14,9,26.0,0.8201
67,837.11,1.46,15,3,26.0,0.8177
68,566.44,1.51,11,10,26.0,0.8152
69,911.15,1.42,3,11,38.0,0.8128
70,514.24,1.52,12,7,36.0,0.8103
71,624.73,1.46,6,9,20.0,0.8079
72,835.88,1.46,8,6,30.0,0.8055
73,479.39,1.5,8,11,30.0,0.8031
74,474.56,1.54,8,11,24.0,0.8006
75,710.44,1.42,10,7,52.0,0.7982
76,913.93,1.58,9,6,46.0,0.7959
77,675.7,1.55,9,9,36.0,0.7935
78,672.3,1.4,10,8,34.0,0.7911
79,639.42,1.34,11,7,30.0,0.7887
80,831.97,1.51,5,12,40.0,0.7863
81,896.46,1.65,5,7,42.0,0.784
82,707.39,1.54,10,7,38.0,0.7816
83,877.95,1.55,8,7,36.0,0.7793
84,578.03,1.57,9,7,34.0,0.777
85,911.25,1.63,10,11,36.0,0.7746
86,718.59,1.43,8,10,32.0,0.7723
87,736.49,1.54,5,10,20.0,0.77
88,566.4,1.59,7,3,28.0,0.7677
89,815.51,1.45,13,8,36.0,0.7654
90,787.53,1.63,7,7,30.0,0.7631
91,855.61,1.42,11,14,34.0,0.7608
92,810.23,1.52,11,6,38.0,0.7585
93,643.86,1.49,10,8,34.0,0.7562
94,789.63,1.49,9,12,24.0,0.754
95,1323.08,1.37,6,10,54.0,0.7517
96,849.54,1.41,8,5,28.0,0.7494
97,819.15,1.54,3,14,30.0,0.7472
98,994.59,1.52,10,7,42.0,0.7449
99,958.23,1.46,10,11,32.0,0.7427
100,1282.22,1.43,6,12,40.0,0.7405
101,874.02,1.58,10,8,34.0,0.7383
102,831.18,1.64,6,8,24.0,0.736
103,864.57,1.37,7,8,32.0,0.7338
104,908.33,1.59,9,7,34.0,0.7316
105,561.1,1.48,10,8,30.0,0.7294
106,953.15,1.4,10,10,38.0,0.7273
107,1014.86,1.48,3,7,48.0,0.7251
108,1042.02,1.57,9,9,36.0,0.7229
109,883.73,1.68,7,9,30.0,0.7207
110,1014.62,1.69,9,10,38.0,0.7186
111,671.29,1.57,7,11,20.0,0.7164
112,1012.45,1.61,6,8,32.0,0.7143
113,799.2,1.42,10,14,40.0,0.7121
114,851.21,1.43,11,11,32.0,0.71
115,896.63,1.47,4,8,54.0,0.7079
116,1062.75,1.54,10,11,30.0,0.7057
117,789.97,1.58,10,7,34.0,0.7036
118,955.85,1.39,9,9,38.0,0.7015
119,815.26,1.32,6,7,38.0,0.6994
120,1010.14,1.54,9,8,32.0,0.6973
121,895.84,1.64,7,8,32.0,0.6952
122,1170.96,1.5,8,13,42.0,0.6931
123,1124.18,1.44,9,8,44.0,0.691
124,758.47,1.37,5,12,34.0,0.689
125,1305.09,1.49,13,17,54.0,0.6869
126,820.9,1.54,14,9,48.0,0.6848
127,935.68,1.45,9,7,44.0,0.6828
128,1156.01,1.39,10,6,52.0,0.6807
129,1178.68,1.58,7,11,36.0,0.6787
130,1110.32,1.57,11,8,42.0,0.6767
131,1221.04,1.56,2,7,44.0,0.6746
132,959.74,1.44,8,9,46.0,0.6726
133,1237.41,1.56,3,9,46.0,0.6706
134,943.93,1.54,8,6,36.0,0.6686
135,930.58,1.62,7,6,46.0,0.6666
136,990.18,1.5,6,7,44.0,0.6646
137,1029.44,1.38,11,11,34.0,0.6626
138,1156.44,1.55,9,9,34.0,0.6606
139,1104.01,1.4,7,12,46.0,0.6586
140,905.49,1.6,7,8,30.0,0.6566
141,1024.48,1.44,6,7,32.0,0.6547
142,1084.16,1.58,4,6,38.0,0.6527
143,1453.24,1.61,4,10,44.0,0.6507
144,1075.19,1.64,8,6,38.0,0.6488
145,1050.52,1.65,7,4,44.0,0.6468
146,947.85,1.64,12,11,38.0,0.6449
147,986.55,1.33,8,9,44.0,0.643
148,1228.68,1.57,5,8,40.0,0.641
149,1180.18,1.54,9,6,42.0,0.6391
150,1228.4,1.55,5,6,40.0,0.6372
151,1020.85,1.37,8,8,34.0,0.6353
152,1151.28,1.47,10,10,34.0,0.6334
153,974.9,1.49,3,9,30.0,0.6315
154,945.45,1.58,9,7,34.0,0.6296
155,1366.65,1.51,7,15,48.0,0.6277
156,1073.51,1.56,7,5,40.0,0.6258
157,957.74,1.57,10,5,22.0,0.6239
158,1148.31,1.66,8,6,40.0,0.6221
159,1010.68,1.54,10,5,40.0,0.6202
160,1230.8,1.43,6,17,50.0,0.6183
161,1051.73,1.57,7,14,40.0,0.6165
162,1192.9,1.56,12,11,42.0,0.6146
163,1176.05,1.51,5,11,46.0,0.6128
164,1075.45,1.51,6,11,46.0,0.611
165,1173.49,1.41,7,8,34.0,0.6091
166,1505.74,1.63,3,8,44.0,0.6073
167,1243.26,1.53,8,5,46.0,0.6055
168,1297.99,1.55,8,10,44.0,0.6037
169,1292.01,1.59,6,6,44.0,0.6018
170,1408.29,1.62,10,6,52.0,0.6
171,1550.1,1.57,4,8,52.0,0.5982
172,1277.27,1.44,6,7,44.0,0.5964
173,1405.77,1.65,9,10,46.0,0.5947
174,1366.06,1.68,6,7,48.0,0.5929
175,1413.83,1.59,7,9,42.0,0.5911
176,1031.91,1.5,6,8,34.0,0.5893
177,1522.97,1.48,9,9,48.0,0.5875
178,1398.23,1.55,11,12,50.0,0.5858
179,1607.58,1.37,4,12,38.0,0.584
180,1079.07,1.75,6,9,44.0,0.5823
181,1469.3,1.54,6,10,40.0,0.5805
182,1041.19,1.68,3,8,46.0,0.5788
183,1182.31,1.74,12,5,42.0,0.5771
184,1617.77,1.44,11,7,58.0,0.5753
185,1881.14,1.67,5,6,56.0,0.5736
186,1543.29,1.7,10,9,52.0,0.5719
187,1370.57,1.52,8,10,46.0,0.5702
188,1192.78,1.46,9,12,42.0,0.5684
189,1313.21,1.53,6,12,46.0,0.5667
190,986.55,1.46,10,13,34.0,0.565
191,1471.34,1.55,9,9,48.0,0.5633
192,1628.71,1.58,6,3,50.0,0.5617
193,1692.23,1.56,5,11,50.0,0.56
194,1408.0,1.59,6,4,54.0,0.5583
195,1168.4,1.59,8,10,46.0,0.5566
196,1425.7,1.4,4,3,48.0,0.5549
197,1287.55,1.36,4,9,42.0,0.5533
198,1251.02,1.58,4,9,50.0,0.5516
199,1246.12,1.51,5,8,42.0,0.55
200,1553.09,1.51,5,7,54.0,0.5483
201,1880.21,1.46,8,6,52.0,0.5467
202,1408.54,1.45,9,7,54.0,0.545
203,1527.98,1.67,7,6,50.0,0.5434
204,1448.34,1.44,9,8,48.0,0.5418
205,1214.61,1.72,3,10,36.0,0.5401
206,1399.03,1.6,4,11,50.0,0.5385
207,1427.31,1.52,5,9,46.0,0.5369
208,1355.71,1.45,6,12,46.0,0.5353
209,1559.05,1.47,9,7,52.0,0.5337
210,1637.46,1.55,10,8,54.0,0.5321
211,1686.43,1.59,8,4,54.0,0.5305
212,1850.66,1.47,8,8,62.0,0.5289
213,1579.31,1.44,7,8,50.0,0.5273
214,1487.69,1.48,8,10,48.0,0.5257
215,1634.15,1.47,7,9,52.0,0.5242
216,1476.37,1.56,5,6,48.0,0.5226
217,1307.45,1.7,5,4,44.0,0.521
218,1622.9,1.58,11,12,50.0,0.5195
219,1483.19,1.49,2,4,54.0,0.5179
220,1319.38,1.44,7,9,36.0,0.5163
221,1508.34,1.5,5,9,48.0,0.5148
222,1522.95,1.5,10,6,44.0,0.5132
223,1591.74,1.4,5,7,52.0,0.5117
224,1513.33,1.52,3,9,42.0,0.5102
225,1647.68,1.49,2,8,52.0,0.5086
226,1497.39,1.41,5,10,54.0,0.5071
227,1868.46,1.44,3,7,64.0,0.5056
228,1228.84,1.53,5,9,50.0,0.5041
229,1488.94,1.37,7,8,60.0,0.5026
230,1785.68,1.52,4,3,54.0,0.5011
231,1745.43,1.5,8,7,68.0,0.4996
232,1654.73,1.51,8,11,58.0,0.4981
233,1425.43,1.43,6,11,36.0,0.4966
234,1541.94,1.58,11,12,54.0,0.4951
235,1666.99,1.52,5,7,52.0,0.4936
236,1623.94,1.47,11,4,50.0,0.4921
237,1511.53,1.76,7,9,44.0,0.4906
238,1790.42,1.48,4,5,42.0,0.4892
239,1377.13,1.52,8,10,50.0,0.4877
240,1670.81,1.41,3,9,50.0,0.4862
241,1644.42,1.57,6,4,64.0,0.4848
242,1427.84,1.52,4,6,56.0,0.4833
243,1523.28,1.58,7,2,50.0,0.4819
244,1695.31,1.6,8,11,48.0,0.4804
245,1634.78,1.43,5,4,42.0,0.479
246,1541.07,1.5,8,6,62.0,0.4775
247,1653.01,1.44,9,13,66.0,0.4761
248,1711.8,1.57,12,8,54.0,0.4747
249,1734.48,1.57,6,10,48.0,0.4733
250,1868.12,1.53,4,4,46.0,0.4718
251,1540.32,1.65,4,6,58.0,0.4704
252,1427.24,1.63,5,4,46.0,0.469
253,1616.61,1.52,7,9,58.0,0.4676
254,1355.88,1.64,12,7,38.0,0.4662
255,1758.93,1.56,4,4,58.0,0.4648
256,1485.28,1.48,8,7,50.0,0.4634
257,1452.9,1.44,6,7,54.0,0.462
258,1570.69,1.48,8,5,58.0,0.4606
259,1695.8,1.55,4,8,60.0,0.4592
260,1722.16,1.55,4,6,56.0,0.4579
261,1417.71,1.51,6,7,52.0,0.4565
262,1448.6,1.49,6,7,56.0,0.4551
263,1441.12,1.73,9,6,38.0,0.4538
264,1788.79,1.59,6,7,46.0,0.4524
265,1365.24,1.41,11,9,50.0,0.451
266,2000.57,1.47,9,7,64.0,0.4497
267,1750.07,1.41,7,7,50.0,0.4483
268,1713.05,1.49,4,3,60.0,0.447
269,1708.9,1.59,1,8,58.0,0.4457
270,1763.08,1.45,5,7,58.0,0.4443
271,1416.33,1.5,6,10,54.0,0.443
272,1515.33,1.65,7,11,44.0,0.4417
273,1771.5,1.56,4,5,48.0,0.4403
274,2031.81,1.46,1,8,46.0,0.439
275,1752.0,1.47,5,11,62.0,0.4377
276,1345.63,1.58,8,10,56.0,0.4364
277,1470.24,1.58,5,7,50.0,0.4351
278,1912.8,1.48,8,10,54.0,0.4338
279,1856.42,1.66,8,4,60.0,0.4325
280,1467.15,1.57,7,5,52.0,0.4312
281,1799.04,1.58,5,9,54.0,0.4299
282,1762.2,1.53,5,9,50.0,0.4286
283,1976.73,1.49,5,10,54.0,0.4273
284,1793.9,1.68,3,7,48.0,0.426
285,1541.32,1.55,9,9,40.0,0.4247
286,1803.14,1.37,6,5,50.0,0.4235
287,1934.08,1.58,6,6,56.0,0.4222
288,2012.88,1.55,7,8,62.0,0.4209
289,1996.3,1.63,7,7,66.0,0.4197
290,1696.51,1.53,9,8,58.0,0.4184
291,1585.19,1.56,2,8,44.0,0.4171
292,1893.11,1.47,1,12,56.0,0.4159
293,1710.86,1.51,2,5,48.0,0.4146
294,1849.08,1.6,4,6,44.0,0.4134
295,1735.75,1.41,10,10,56.0,0.4122
296,1757.86,1.41,8,8,44.0,0.4109
297,1774.23,1.47,3,9,54.0,0.4097
298,2003.67,1.48,5,10,54.0,0.4085
299,1947.95,1.54,7,4,56.0,0.4072
300,2051.84,1.62,3,13,68.0,0.406
301,1662.65,1.78,4,7,62.0,0.4048
302,1998.43,1.67,6,7,58.0,0.4036
303,1626.09,1.5,6,7,50.0,0.4024
304,1803.37,1.77,7,6,60.0,0.4012
305,2063.14,1.6,3,9,52.0,0.4
306,2200.4,1.41,8,7,48.0,0.3988
307,2003.83,1.59,7,6,62.0,0.3976
308,1942.89,1.49,5,5,56.0,0.3964
309,2003.01,1.53,3,4,50.0,0.3952
310,2183.4,1.46,8,3,72.0,0.394
311,1920.64,1.54,6,5,60.0,0.3928
312,1856.04,1.49,6,7,52.0,0.3916
313,1934.28,1.54,11,5,68.0,0.3905
314,2003.08,1.52,10,13,56.0,0.3893
315,1952.18,1.49,3,8,62.0,0.3881
316,2059.98,1.62,7,6,60.0,0.387
317,2311.2,1.47,12,11,78.0,0.3858
318,1688.45,1.55,6,7,46.0,0.3846
319,1962.43,1.56,11,5,70.0,0.3835
320,1780.61,1.44,8,4,64.0,0.3823
321,2089.9,1.61,9,8,60.0,0.3812
322,2079.49,1.63,7,7,56.0,0.3801
323,1847.31,1.63,4,4,70.0,0.3789
324,1959.39,1.56,6,7,56.0,0.3778
325,1847.58,1.5,9,4,56.0,0.3766
326,2059.34,1.6,7,5,68.0,0.3755
327,1662.23,1.48,7,9,50.0,0.3744
328,2288.47,1.42,8,11,74.0,0.3733
329,2296.37,1.38,10,9,54.0,0.3721
330,1632.29,1.54,5,9,48.0,0.371
331,2113.93,1.53,5,6,56.0,0.3699
332,2337.27,1.63,4,7,68.0,0.3688
333,1871.58,1.54,8,4,72.0,0.3677
334,1704.34,1.6,6,5,56.0,0.3666
335,1909.16,1.65,7,7,60.0,0.3655
336,1699.68,1.53,10,7,52.0,0.3644
337,1726.02,1.63,6,9,52.0,0.3633
338,2080.18,1.51,6,4,66.0,0.3622
339,1839.1,1.52,7,8,54.0,0.3611
340,1870.19,1.54,5,5,58.0,0.36
341,2064.72,1.49,7,9,54.0,0.359
342,2166.48,1.4,7,7,62.0,0.3579
343,2400.65,1.56,6,9,66.0,0.3568
344,2011.13,1.45,1,6,64.0,0.3557
345,2128.81,1.55,3,4,66.0,0.3547
346,2035.65,1.58,11,11,70.0,0.3536
347,1902.69,1.78,5,3,60.0,0.3525
348,1978.25,1.6,3,5,60.0,0.3515
349,2221.1,1.58,7,6,62.0,0.3504
350,2241.27,1.53,6,6,50.0,0.3494
351,2212.11,1.39,4,4,76.0,0.3483
352,2265.32,1.54,6,10,64.0,0.3473
353,1936.75,1.55,7,7,68.0,0.3463
354,2037.08,1.56,4,6,64.0,0.3452
355,2324.07,1.47,5,6,76.0,0.3442
356,2151.59,1.58,5,6,74.0,0.3431
357,2062.52,1.5,8,7,62.0,0.3421
358,1959.97,1.75,6,5,68.0,0.3411
359,2261.89,1.66,5,5,74.0,0.3401
360,2036.74,1.48,3,3,68.0,0.339
361,1936.2,1.57,6,10,42.0,0.338
362,1982.3,1.58,7,6,48.0,0.337
363,1694.86,1.63,9,6,52.0,0.336
364,2044.39,1.46,5,7,52.0,0.335
365,2219.48,1.48,3,4,60.0,0.334
366,2318.73,1.52,5,11,52.0,0.333
367,2385.46,1.49,3,9,54.0,0.332
368,2556.8,1.39,6,6,70.0,0.331
369,1971.97,1.65,6,9,54.0,0.33
370,2029.9,1.59,6,5,58.0,0.329
371,2086.33,1.53,8,5,66.0,0.328
372,2079.27,1.55,5,7,48.0,0.327
373,2270.39,1.51,0,6,74.0,0.3261
374,2049.59,1.55,5,3,58.0,0.3251
375,1723.03,1.58,5,5,56.0,0.3241
376,1939.09,1.71,7,8,68.0,0.3231
377,2304.54,1.5,7,10,64.0,0.3222
378,2260.74,1.53,12,9,72.0,0.3212
379,2397.87,1.47,5,9,70.0,0.3202
380,2041.2,1.48,3,5,54.0,0.3193
381,1876.65,1.6,6,13,62.0,0.3183
382,2020.52,1.57,4,6,58.0,0.3174
383,2428.38,1.44,11,6,72.0,0.3164
384,2286.1,1.58,9,9,74.0,0.3155
385,1957.78,1.61,5,8,66.0,0.3145
386,1937.06,1.63,5,4,60.0,0.3136
387,2157.19,1.58,5,11,74.0,0.3126
388,2002.73,1.56,5,5,58.0,0.3117
389,1684.08,1.55,7,9,56.0,0.3108
390,2030.53,1.62,11,6,68.0,0.3098
391,2384.32,1.43,8,4,80.0,0.3089
392,1976.11,1.5,4,5,60.0,0.308
393,2322.98,1.5,9,4,60.0,0.307
394,2068.21,1.44,2,5,62.0,0.3061
395,2060.11,1.51,5,5,66.0,0.3052
396,2070.42,1.43,5,9,48.0,0.3043
397,2658.83,1.4,2,6,68.0,0.3034
398,2257.99,1.57,8,2,70.0,0.3025
399,2315.8,1.55,7,4,58.0,0.3016
400,2379.94,1.57,8,6,58.0,0.3007
401,2321.81,1.5,6,8,84.0,0.2997
402,1930.41,1.62,8,6,80.0,0.2989
403,2807.33,1.43,2,3,70.0,0.298
404,2110.55,1.57,2,9,62.0,0.2971
405,2084.86,1.49,3,6,60.0,0.2962
406,2304.08,1.54,4,5,56.0,0.2953
407,2364.37,1.55,3,6,66.0,0.2944
408,2041.16,1.58,2,8,62.0,0.2935
409,2303.63,1.5,3,6,60.0,0.2926
410,2255.72,1.64,8,10,78.0,0.2918
411,2183.29,1.54,4,6,62.0,0.2909
412,2064.92,1.62,9,8,64.0,0.29
413,2349.53,1.5,2,6,68.0,0.2891
414,2119.03,1.48,7,7,62.0,0.2883
415,1997.27,1.61,7,6,60.0,0.2874
416,2005.8,1.42,9,5,60.0,0.2865
417,2101.98,1.58,5,7,68.0,0.2857
418,2414.65,1.53,6,5,62.0,0.2848
419,2437.72,1.45,5,5,68.0,0.284
420,2647.54,1.53,4,4,74.0,0.2831
421,1935.65,1.6,7,6,70.0,0.2823
422,1954.11,1.54,4,5,58.0,0.2814
423,2091.21,1.62,6,9,62.0,0.2806
424,2186.62,1.6,6,10,62.0,0.2797
425,2177.39,1.68,3,6,58.0,0.2789
426,2380.94,1.54,2,6,80.0,0.2781
427,2172.21,1.65,3,8,68.0,0.2772
428,2324.62,1.51,6,3,70.0,0.2764
429,2518.35,1.47,2,7,84.0,0.2756
430,2368.16,1.57,4,4,70.0,0.2747
431,2509.09,1.5,6,6,68.0,0.2739
432,2111.66,1.55,4,8,54.0,0.2731
433,2171.96,1.54,6,5,62.0,0.2723
434,2389.59,1.47,4,6,66.0,0.2715
435,2593.06,1.56,4,7,76.0,0.2706
436,2123.43,1.43,7,8,68.0,0.2698
437,2199.8,1.5,6,11,70.0,0.269
438,1864.03,1.5,6,10,56.0,0.2682
439,2149.56,1.48,6,6,72.0,0.2674
440,2171.67,1.54,4,5,70.0,0.2666
441,1922.29,1.57,5,5,62.0,0.2658
442,1959.77,1.6,6,9,52.0,0.265
443,2194.51,1.54,5,5,70.0,0.2642
444,2566.38,1.52,5,10,70.0,0.2634
445,2388.75,1.6,7,8,72.0,0.2626
446,2668.84,1.54,5,7,74.0,0.2618
447,2132.01,1.45,6,4,62.0,0.2611
448,2265.09,1.56,2,4,62.0,0.2603
449,2346.24,1.54,4,3,60.0,0.2595
450,2330.37,1.55,4,7,68.0,0.2587
451,2509.44,1.58,13,8,60.0,0.2579
452,2217.0,1.49,6,11,68.0,0.2572
453,1986.21,1.63,1,8,62.0,0.2564
454,2401.47,1.53,6,9,64.0,0.2556
455,2502.57,1.58,5,6,66.0,0.2549
456,2498.29,1.52,6,12,72.0,0.2541
457,2337.07,1.56,10,6,62.0,0.2533
458,2259.91,1.49,6,5,66.0,0.2526
459,2260.63,1.63,5,4,66.0,0.2518
460,2635.48,1.43,5,7,64.0,0.2511
461,2109.3,1.58,6,11,68.0,0.2503
462,2319.73,1.52,2,9,76.0,0.2496
463,2334.08,1.51,6,4,74.0,0.2488
464,2229.52,1.72,2,6,70.0,0.2481
465,2344.32,1.54,7,6,68.0,0.2473
466,2500.79,1.54,3,6,66.0,0.2466
467,2346.56,1.56,6,8,70.0,0.2458
468,2274.17,1.59,9,6,60.0,0.2451
469,2375.5,1.52,4,7,68.0,0.2444
470,2504.37,1.44,3,11,70.0,0.2436
471,2098.33,1.5,7,10,64.0,0.2429
472,2475.97,1.51,0,6,66.0,0.2422
473,2152.2,1.59,3,7,66.0,0.2414
474,2243.63,1.7,6,6,70.0,0.2407
475,2610.3,1.56,6,4,78.0,0.24
476,2406.21,1.58,5,6,74.0,0.2393
477,2302.95,1.57,6,4,70.0,0.2386
478,2307.33,1.62,5,5,68.0,0.2378
479,2554.56,1.44,6,5,70.0,0.2371
480,2276.22,1.56,6,7,74.0,0.2364
481,2802.48,1.52,7,7,68.0,0.2357
482,2598.3,1.51,4,5,58.0,0.235
483,2380.67,1.52,7,6,68.0,0.2343
484,2495.25,1.57,8,12,76.0,0.2336
485,2577.65,1.57,5,8,62.0,0.2329
486,2438.37,1.46,7,8,78.0,0.2322
487,2304.69,1.66,5,4,58.0,0.2315
488,2416.87,1.55,4,3,58.0,0.2308
489,2474.71,1.49,7,7,72.0,0.2301
490,2512.31,1.54,2,5,68.0,0.2294
491,2467.08,1.58,7,10,60.0,0.2287
492,2219.46,1.53,7,5,60.0,0.228
493,2638.76,1.6,3,10,74.0,0.2274
494,2246.13,1.58,6,4,60.0,0.2267
495,2370.41,1.5,4,4,60.0,0.226
496,2657.15,1.43,10,7,72.0,0.2253
497,2350.45,1.58,6,7,62.0,0.2246
498,2289.49,1.62,1,10,70.0,0.224
499,2284.91,1.52,4,7,70.0,0.2233
500,2077.22,1.54,5,5,58.0,0.2226
501,2124.98,1.72,4,8,58.0,0.222
502,2426.65,1.6,8,10,56.0,0.2213
503,2545.67,1.56,5,5,70.0,0.2206
504,2785.14,1.64,4,5,60.0,0.22
505,2181.22,1.47,6,4,62.0,0.2193
506,2380.37,1.56,3,8,72.0,0.2187
507,2427.34,1.49,2,6,72.0,0.218
508,2345.44,1.5,4,2,64.0,0.2173
509,2592.94,1.55,7,8,78.0,0.2167
510,2325.25,1.39,7,9,60.0,0.216
511,2505.44,1.64,5,2,62.0,0.2154
512,2165.21,1.45,3,6,64.0,0.2147
513,2204.64,1.58,6,13,66.0,0.2141
514,2503.95,1.48,6,5,74.0,0.2135
515,2581.47,1.61,4,10,72.0,0.2128
516,2296.68,1.51,5,9,70.0,0.2122
517,2360.26,1.6,2,3,78.0,0.2115
518,2444.67,1.6,2,6,54.0,0.2109
519,2609.64,1.5,8,7,74.0,0.2103
520,2628.15,1.58,9,9,80.0,0.2096
521,2562.19,1.47,5,10,70.0,0.209
522,2635.54,1.6,5,7,70.0,0.2084
523,2673.51,1.5,2,9,76.0,0.2078
524,2439.61,1.7,3,5,76.0,0.2071
525,2575.79,1.48,2,5,72.0,0.2065
526,2559.98,1.49,7,2,66.0,0.2059
527,2559.72,1.58,7,7,80.0,0.2053
528,2245.96,1.55,3,5,68.0,0.2047
529,2609.13,1.51,2,7,68.0,0.2041
530,2108.85,1.66,8,8,68.0,0.2034
531,2203.52,1.66,7,13,70.0,0.2028
532,2415.82,1.52,6,5,70.0,0.2022
533,2363.59,1.67,0,2,66.0,0.2016
534,2477.83,1.39,7,8,72.0,0.201
535,2398.97,1.52,7,8,82.0,0.2004
536,2450.06,1.58,3,10,60.0,0.1998
537,2327.09,1.48,6,5,80.0,0.1992
538,2471.68,1.73,4,4,78.0,0.1986
539,2657.7,1.55,4,10,82.0,0.198
540,2334.79,1.57,7,4,80.0,0.1974
541,2589.55,1.57,3,4,72.0,0.1968
542,2907.98,1.47,6,5,66.0,0.1962
543,2502.87,1.54,6,7,72.0,0.1956
544,2471.14,1.37,4,4,64.0,0.1951
545,2412.14,1.56,2,4,66.0,0.1945
546,2516.35,1.49,0,6,68.0,0.1939
547,2504.78,1.64,1,7,64.0,0.1933
548,2250.78,1.58,9,6,58.0,0.1927
549,2801.42,1.46,4,8,74.0,0.1922
550,2284.25,1.68,8,8,72.0,0.1916
551,2474.82,1.44,3,3,62.0,0.191
552,2679.11,1.45,9,10,66.0,0.1904
553,2818.3,1.47,6,7,68.0,0.1899
554,2324.8,1.64,4,5,70.0,0.1893
555,2393.21,1.55,7,8,74.0,0.1887
556,2172.1,1.52,3,6,74.0,0.1882
557,2807.07,1.46,11,8,78.0,0.1876
558,2677.06,1.52,2,3,78.0,0.187
559,2805.48,1.72,2,7,74.0,0.1865
560,2463.55,1.59,7,9,68.0,0.1859
561,2436.07,1.64,7,6,80.0,0.1853
562,2274.35,1.56,7,8,72.0,0.1848
563,2632.13,1.55,5,7,62.0,0.1842
564,2580.21,1.47,5,8,76.0,0.1837
565,2519.74,1.54,3,6,78.0,0.1831
566,2351.28,1.59,2,3,74.0,0.1826
567,2400.15,1.51,4,8,66.0,0.182
568,2239.9,1.54,5,9,70.0,0.1815
569,2577.81,1.58,6,6,76.0,0.1809
570,2510.81,1.58,2,5,74.0,0.1804
571,2653.19,1.58,2,2,60.0,0.1799
572,2888.92,1.47,2,2,70.0,0.1793
573,2542.63,1.6,6,7,80.0,0.1788
574,2585.91,1.54,0,6,58.0,0.1782
575,2586.0,1.56,5,5,66.0,0.1777
576,2268.19,1.58,3,9,72.0,0.1772
577,2484.98,1.65,6,9,78.0,0.1766
578,2722.92,1.52,7,3,70.0,0.1761
579,2492.31,1.46,3,4,76.0,0.1756
580,2098.91,1.54,2,2,68.0,0.1751
581,2393.35,1.49,3,4,68.0,0.1745
582,2449.64,1.66,1,7,70.0,0.174
583,2861.19,1.54,3,2,76.0,0.1735
584,2274.31,1.62,10,4,68.0,0.173
585,2781.93,1.68,3,8,76.0,0.1725
586,2715.48,1.55,5,5,68.0,0.1719
587,2625.72,1.53,3,6,60.0,0.1714
588,2232.47,1.72,5,7,62.0,0.1709
589,2373.29,1.55,4,6,72.0,0.1704
590,2392.69,1.76,7,6,60.0,0.1699
591,2973.35,1.51,0,7,84.0,0.1694
592,2981.61,1.59,6,5,86.0,0.1689
593,2728.29,1.6,3,8,80.0,0.1684
594,3043.73,1.43,3,7,78.0,0.1679
595,2552.24,1.49,4,7,74.0,0.1673
596,2623.33,1.41,6,7,68.0,0.1668
597,2586.57,1.58,6,9,72.0,0.1663
598,2767.3,1.49,1,5,78.0,0.1658
599,2727.31,1.49,2,6,80.0,0.1653
600,2287.96,1.48,6,10,86.0,0.1649
601,2789.99,1.53,3,4,72.0,0.1644
602,2356.74,1.59,4,10,80.0,0.1639
603,2556.46,1.48,8,7,74.0,0.1634
604,2500.99,1.5,5,5,72.0,0.1629
605,2621.03,1.53,5,8,76.0,0.1624
606,2513.27,1.7,9,5,68.0,0.1619
607,2414.78,1.66,1,3,66.0,0.1614
608,2614.25,1.65,7,8,64.0,0.1609
609,2792.37,1.46,6,6,80.0,0.1605
610,2913.86,1.56,5,4,72.0,0.16
611,2718.19,1.57,4,7,76.0,0.1595
612,2346.73,1.51,3,6,78.0,0.159
613,2758.62,1.53,2,1,86.0,0.1585
614,2539.37,1.58,3,6,74.0,0.1581
615,2590.34,1.64,3,6,72.0,0.1576
616,2745.56,1.57,8,7,80.0,0.1571
617,2865.82,1.6,1,9,76.0,0.1566
618,2820.88,1.51,3,5,70.0,0.1562
619,2614.31,1.58,6,7,70.0,0.1557
620,2684.29,1.59,6,5,68.0,0.1552
621,2518.56,1.54,4,5,72.0,0.1548
622,2278.89,1.6,6,8,76.0,0.1543
623,2668.01,1.41,4,3,76.0,0.1538
624,2537.86,1.54,4,3,78.0,0.1534
625,2380.88,1.44,5,8,68.0,0.1529
626,2513.53,1.57,8,5,62.0,0.1525
627,2403.16,1.6,4,4,62.0,0.152
628,2796.67,1.51,7,5,80.0,0.1516
629,2565.96,1.48,3,6,78.0,0.1511
630,2894.13,1.5,4,6,78.0,0.1506
631,2467.48,1.68,5,5,68.0,0.1502
632,2696.72,1.49,9,7,78.0,0.1497
633,2844.44,1.61,1,7,68.0,0.1493
634,2863.48,1.55,5,8,82.0,0.1488
635,2392.38,1.55,5,9,72.0,0.1484
636,2473.73,1.64,3,6,70.0,0.148
637,2595.24,1.57,6,8,72.0,0.1475
638,2477.04,1.66,4,8,76.0,0.1471
639,2832.85,1.61,6,5,80.0,0.1466
640,2230.34,1.68,7,10,62.0,0.1462
641,2369.71,1.56,4,9,74.0,0.1457
642,2642.01,1.51,1,6,76.0,0.1453
643,2780.33,1.48,3,4,74.0,0.1449
644,2507.21,1.65,5,1,72.0,0.1444
645,2245.55,1.7,4,6,74.0,0.144
646,2499.37,1.73,2,6,74.0,0.1436
647,2771.08,1.49,4,2,66.0,0.1431
648,2604.28,1.36,4,8,76.0,0.1427
649,2530.71,1.56,1,9,76.0,0.1423
650,2609.86,1.54,1,3,72.0,0.1419
651,2576.19,1.54,3,6,68.0,0.1414
652,2840.35,1.59,6,5,82.0,0.141
653,2684.86,1.44,2,5,68.0,0.1406
654,2658.15,1.63,5,6,70.0,0.1402
655,2445.38,1.64,3,10,64.0,0.1397
656,2808.06,1.61,2,5,72.0,0.1393
657,2236.33,1.5,6,5,66.0,0.1389
658,2494.79,1.77,6,11,78.0,0.1385
659,2458.48,1.47,8,9,74.0,0.1381
660,2701.24,1.55,3,4,72.0,0.1377
661,2430.9,1.67,6,10,66.0,0.1372
662,2132.79,1.55,5,6,78.0,0.1368
663,3016.65,1.58,3,3,70.0,0.1364
664,2713.16,1.54,4,8,76.0,0.136
665,2794.48,1.53,5,6,80.0,0.1356
666,2466.02,1.55,5,10,76.0,0.1352
667,2684.64,1.67,2,7,56.0,0.1348
668,2758.61,1.59,7,8,76.0,0.1344
669,2709.37,1.56,0,4,66.0,0.134
670,2750.14,1.62,4,6,66.0,0.1336
671,2480.01,1.55,4,3,84.0,0.1332
672,2664.82,1.58,7,10,74.0,0.1328
673,2691.73,1.44,2,5,78.0,0.1324
674,2616.05,1.72,2,2,76.0,0.132
675,2750.63,1.53,3,10,68.0,0.1316
676,3048.04,1.5,3,9,78.0,0.1312
677,2721.74,1.56,7,7,70.0,0.1308
678,2526.2,1.55,1,4,70.0,0.1304
679,2512.18,1.57,2,3,74.0,0.13
680,2876.02,1.53,3,5,76.0,0.1296
681,2566.54,1.41,4,5,80.0,0.1292
682,3390.36,1.51,4,4,82.0,0.1289
683,2958.03,1.47,8,14,80.0,0.1285
684,3376.49,1.52,2,5,80.0,0.1281
685,2762.84,1.63,4,6,70.0,0.1277
686,2806.72,1.56,4,3,80.0,0.1273
687,2618.84,1.64,1,6,82.0,0.1269
688,2652.59,1.52,6,5,82.0,0.1266
689,2704.38,1.52,2,12,86.0,0.1262
690,2936.87,1.51,1,3,74.0,0.1258
691,2660.55,1.49,7,5,74.0,0.1254
692,2941.63,1.6,1,3,80.0,0.125
693,2595.75,1.58,5,9,86.0,0.1247
694,2555.4,1.49,2,4,72.0,0.1243
695,2374.37,1.56,1,2,76.0,0.1239
696,2662.59,1.58,3,7,80.0,0.1235
697,2488.19,1.67,6,8,78.0,0.1232
698,2766.36,1.52,5,8,68.0,0.1228
699,3019.76,1.52,9,4,82.0,0.1224
700,2545.19,1.68,6,7,72.0,0.1221
701,2657.14,1.6,8,8,78.0,0.1217
702,2663.93,1.65,4,7,80.0,0.1213
703,2674.23,1.54,0,6,78.0,0.121
704,2865.3,1.45,2,4,76.0,0.1206
705,2550.89,1.73,1,7,64.0,0.1203
706,2784.86,1.56,5,6,70.0,0.1199
707,2798.93,1.45,2,2,80.0,0.1195
708,2675.13,1.61,4,9,62.0,0.1192
709,3105.85,1.38,6,8,78.0,0.1188
710,2622.06,1.57,5,3,62.0,0.1185
711,2584.81,1.53,2,5,74.0,0.1181
712,2770.66,1.51,5,5,80.0,0.1177
713,2835.99,1.51,5,9,68.0,0.1174
714,2600.58,1.74,1,5,68.0,0.117
715,2837.4,1.6,2,5,76.0,0.1167
716,2683.49,1.57,2,1,68.0,0.1163
717,2660.0,1.59,1,5,76.0,0.116
718,2561.06,1.61,6,6,68.0,0.1156
719,3149.87,1.55,3,4,76.0,0.1153
720,2537.73,1.6,3,3,74.0,0.115
721,3040.6,1.52,2,5,80.0,0.1146
722,2515.72,1.63,5,4,76.0,0.1143
723,2665.59,1.62,3,5,62.0,0.1139
724,2936.5,1.45,2,7,70.0,0.1136
725,2835.46,1.6,1,5,64.0,0.1132
726,2729.15,1.57,1,7,76.0,0.1129
727,2801.24,1.57,7,9,76.0,0.1126
728,2805.73,1.62,5,4,78.0,0.1122
729,2858.74,1.51,0,2,66.0,0.1119
730,2655.18,1.58,2,6,72.0,0.1115
731,2870.93,1.57,1,2,78.0,0.1112
732,2470.18,1.65,0,6,76.0,0.1109
733,2692.31,1.52,4,5,78.0,0.1105
734,2853.11,1.65,4,3,80.0,0.1102
735,2597.7,1.65,8,6,88.0,0.1099
736,3036.05,1.37,7,7,70.0,0.1096
737,2632.51,1.62,6,10,76.0,0.1092
738,2935.21,1.56,2,6,76.0,0.1089
739,2839.87,1.6,4,6,68.0,0.1086
740,2668.24,1.59,3,8,84.0,0.1082
741,2901.42,1.47,3,9,84.0,0.1079
742,2906.6,1.55,7,8,72.0,0.1076
743,2610.18,1.61,4,4,88.0,0.1073
744,2644.82,1.57,2,2,90.0,0.107
745,2908.38,1.6,3,5,72.0,0.1066
746,2897.5,1.68,4,1,78.0,0.1063
747,3031.81,1.63,4,3,80.0,0.106
748,2433.87,1.68,7,8,78.0,0.1057
749,2581.4,1.44,5,6,74.0,0.1054
750,2834.74,1.67,4,5,74.0,0.105
751,2719.05,1.52,3,7,86.0,0.1047
752,2746.98,1.48,2,8,76.0,0.1044
753,2862.75,1.54,4,9,72.0,0.1041
754,2513.41,1.72,2,6,74.0,0.1038
755,2777.8,1.46,5,7,88.0,0.1035
756,2442.84,1.54,5,9,72.0,0.1032
757,2564.88,1.53,3,6,78.0,0.1029
758,2633.42,1.71,7,4,68.0,0.1025
759,2727.79,1.6,7,9,86.0,0.1022
760,2760.36,1.56,6,6,82.0,0.1019
761,2561.14,1.58,3,6,76.0,0.1016
762,2805.48,1.56,2,5,76.0,0.1013
763,2812.3,1.64,5,5,84.0,0.101
764,2780.22,1.49,6,5,72.0,0.1007
765,2564.1,1.48,1,10,68.0,0.1004
766,2800.85,1.58,1,7,74.0,0.1001
767,2679.2,1.51,3,5,78.0,0.0998
768,2652.56,1.62,5,9,62.0,0.0995
769,2865.14,1.56,4,6,72.0,0.0992
770,2866.63,1.54,0,5,80.0,0.0989
771,2804.3,1.55,3,7,76.0,0.0986
772,2568.75,1.57,3,6,84.0,0.0983
773,2686.75,1.61,5,8,80.0,0.098
774,2907.82,1.53,5,8,74.0,0.0977
775,2675.9,1.58,3,2,80.0,0.0974
776,2638.35,1.65,7,6,82.0,0.0972
777,3052.09,1.46,5,3,68.0,0.0969
778,2912.82,1.52,7,12,78.0,0.0966
779,3113.5,1.47,1,6,88.0,0.0963
780,2850.57,1.54,3,6,80.0,0.096
781,2674.59,1.67,7,5,68.0,0.0957
782,2730.78,1.55,4,4,74.0,0.0954
783,2430.04,1.67,1,5,68.0,0.0951
784,3091.47,1.52,2,9,84.0,0.0948
785,2813.04,1.62,5,6,86.0,0.0946
786,2768.39,1.6,6,8,68.0,0.0943
787,2848.94,1.47,6,2,80.0,0.094
788,2903.39,1.58,4,5,76.0,0.0937
789,2507.8,1.64,1,4,72.0,0.0934
790,2598.9,1.73,6,11,84.0,0.0931
791,2576.33,1.57,3,6,60.0,0.0929
792,2771.19,1.65,2,2,76.0,0.0926
793,2336.37,1.64,5,7,72.0,0.0923
794,3003.96,1.58,5,5,78.0,0.092
795,3191.85,1.55,1,3,82.0,0.0918
796,3187.88,1.52,5,9,86.0,0.0915
797,2849.72,1.53,3,5,78.0,0.0912
798,2636.98,1.59,4,9,74.0,0.0909
799,2766.83,1.49,6,5,78.0,0.0907
800,2961.16,1.57,2,5,76.0,0.0904
801,2953.83,1.54,3,7,80.0,0.0901
802,3075.63,1.55,3,6,72.0,0.0898
803,3014.69,1.5,1,2,80.0,0.0896
804,2998.01,1.62,5,7,80.0,0.0893
805,3119.66,1.64,7,10,82.0,0.089
806,2743.47,1.61,7,9,72.0,0.0888
807,2894.63,1.55,2,4,86.0,0.0885
808,2700.18,1.58,4,6,80.0,0.0882
809,3021.2,1.47,3,6,72.0,0.088
810,3089.98,1.49,5,5,80.0,0.0877
811,2826.2,1.5,0,8,78.0,0.0875
812,2678.26,1.62,4,5,72.0,0.0872
813,3162.0,1.53,3,9,82.0,0.0869
814,2935.17,1.51,3,7,76.0,0.0867
815,2835.66,1.55,6,8,82.0,0.0864
816,2851.74,1.53,2,3,78.0,0.0861
817,2888.07,1.56,3,3,80.0,0.0859
818,2942.76,1.55,3,7,72.0,0.0856
819,2565.95,1.5,3,7,70.0,0.0854
820,2819.94,1.55,2,4,78.0,0.0851
821,2672.27,1.59,4,3,82.0,0.0849
822,2880.71,1.45,5,7,84.0,0.0846
823,2870.5,1.58,2,4,86.0,0.0844
824,2931.54,1.52,7,6,78.0,0.0841
825,2858.78,1.64,3,3,76.0,0.0839
826,2470.17,1.58,2,7,78.0,0.0836
827,2758.85,1.57,5,6,74.0,0.0833
828,2408.04,1.55,6,6,80.0,0.0831
829,3029.53,1.49,7,10,78.0,0.0828
830,2913.69,1.5,3,8,76.0,0.0826
831,2919.06,1.55,1,5,76.0,0.0824
832,3022.45,1.57,3,7,72.0,0.0821
833,2599.13,1.57,3,9,74.0,0.0819
834,3297.29,1.48,4,5,76.0,0.0816
835,3092.61,1.53,2,5,82.0,0.0814
836,2811.18,1.73,2,7,84.0,0.0811
837,3101.59,1.55,6,5,78.0,0.0809
838,2806.45,1.69,2,3,76.0,0.0806
839,2887.69,1.58,3,8,74.0,0.0804
840,2828.58,1.56,1,10,82.0,0.0802
841,2870.28,1.73,5,7,76.0,0.0799
842,2939.77,1.56,5,6,86.0,0.0797
843,2913.33,1.48,4,11,82.0,0.0794
844,3564.63,1.49,5,7,84.0,0.0792
845,3062.07,1.6,2,3,78.0,0.079
846,2965.87,1.53,6,5,78.0,0.0787
847,2994.52,1.61,8,7,84.0,0.0785
848,2892.38,1.57,6,8,66.0,0.0783
849,2707.79,1.59,5,7,78.0,0.078
850,2808.29,1.55,2,6,80.0,0.0778
851,2893.15,1.52,3,4,66.0,0.0775
852,3044.14,1.6,5,9,78.0,0.0773
853,2803.74,1.59,2,7,72.0,0.0771
854,3069.53,1.48,1,3,80.0,0.0769
855,2731.28,1.65,4,8,82.0,0.0766
856,2996.01,1.64,6,7,80.0,0.0764
857,2815.25,1.53,5,6,86.0,0.0762
858,3017.84,1.54,3,7,84.0,0.0759
859,2851.39,1.62,3,6,82.0,0.0757
860,2905.23,1.55,2,3,66.0,0.0755
861,2817.2,1.58,5,5,66.0,0.0753
862,3147.04,1.65,0,2,84.0,0.075
863,2881.72,1.59,6,6,72.0,0.0748
864,2759.6,1.59,6,8,82.0,0.0746
865,3056.12,1.55,1,4,72.0,0.0744
866,2705.07,1.75,6,6,80.0,0.0741
867,2871.38,1.48,3,6,80.0,0.0739
868,2879.41,1.56,2,2,76.0,0.0737
869,3137.81,1.5,5,6,80.0,0.0735
870,2847.76,1.48,5,7,80.0,0.0732
871,2849.88,1.51,7,7,72.0,0.073
872,3039.52,1.56,3,4,68.0,0.0728
873,2747.32,1.62,8,9,86.0,0.0726
874,2966.11,1.57,4,12,86.0,0.0724
875,2686.75,1.58,4,3,76.0,0.0722
876,2774.75,1.56,5,9,80.0,0.0719
877,2739.73,1.64,5,7,74.0,0.0717
878,2865.4,1.57,4,6,86.0,0.0715
879,2538.28,1.49,5,7,78.0,0.0713
880,2996.1,1.51,3,11,86.0,0.0711
881,2822.57,1.54,3,4,76.0,0.0709
882,2470.62,1.62,3,9,74.0,0.0707
883,2972.25,1.62,6,7,82.0,0.0704
884,2904.79,1.52,2,5,90.0,0.0702
885,3246.57,1.48,4,4,82.0,0.07
886,2806.11,1.61,7,6,76.0,0.0698
887,2887.83,1.6,7,7,80.0,0.0696
888,2702.73,1.52,2,8,80.0,0.0694
889,3115.91,1.51,9,8,86.0,0.0692
890,3048.42,1.65,3,7,88.0,0.069
891,2992.64,1.41,3,4,78.0,0.0688
892,2706.23,1.56,2,4,80.0,0.0686
893,2779.4,1.52,4,6,86.0,0.0684
894,2697.82,1.62,9,9,78.0,0.0682
895,3221.62,1.51,6,4,72.0,0.0679
896,3008.72,1.53,3,4,70.0,0.0677
897,2655.55,1.63,2,6,68.0,0.0675
898,2686.95,1.54,4,4,82.0,0.0673
899,2814.79,1.55,2,3,86.0,0.0671
900,2938.84,1.54,2,6,80.0,0.0669
901,3114.81,1.62,2,5,88.0,0.0667
902,2717.05,1.5,3,6,70.0,0.0665
903,3071.8,1.58,2,7,78.0,0.0663
904,3016.05,1.67,3,8,92.0,0.0661
905,3214.8,1.59,8,13,80.0,0.0659
906,2883.78,1.53,2,5,80.0,0.0657
907,2622.91,1.65,5,7,80.0,0.0655
908,3206.77,1.59,5,5,80.0,0.0653
909,3048.34,1.65,2,5,78.0,0.0651
910,3178.53,1.6,7,11,84.0,0.065
911,2860.59,1.53,3,2,78.0,0.0648
912,2800.46,1.56,3,4,82.0,0.0646
913,2907.57,1.61,4,5,82.0,0.0644
914,2864.22,1.56,5,6,80.0,0.0642
915,2814.42,1.61,6,9,72.0,0.064
916,2870.87,1.62,4,7,68.0,0.0638
917,2754.46,1.56,5,8,78.0,0.0636
918,3001.37,1.67,5,7,80.0,0.0634
919,3279.66,1.43,3,4,76.0,0.0632
920,2983.68,1.53,6,9,68.0,0.063
921,3161.67,1.49,5,3,82.0,0.0628
922,3158.66,1.45,2,6,80.0,0.0627
923,2999.62,1.63,2,3,82.0,0.0625
924,3316.43,1.53,5,6,88.0,0.0623
925,2718.26,1.63,3,6,80.0,0.0621
926,2801.7,1.51,7,9,70.0,0.0619
927,2753.13,1.65,7,8,80.0,0.0617
928,2775.53,1.57,4,6,78.0,0.0615
929,2892.1,1.61,2,5,82.0,0.0613
930,3396.62,1.39,5,6,84.0,0.0612
931,3184.75,1.56,2,11,82.0,0.061
932,2599.51,1.51,2,7,82.0,0.0608
933,3069.95,1.58,3,5,82.0,0.0606
934,2602.99,1.57,8,7,82.0,0.0604
935,3015.8,1.52,0,1,88.0,0.0603
936,3156.58,1.59,2,5,84.0,0.0601
937,2947.08,1.54,4,7,74.0,0.0599
938,3071.34,1.59,1,7,84.0,0.0597
939,3061.41,1.49,6,6,94.0,0.0595
940,3271.17,1.47,6,6,74.0,0.0594
941,2577.79,1.7,3,7,78.0,0.0592
942,2939.44,1.51,3,3,86.0,0.059
943,3098.84,1.48,4,8,96.0,0.0588
944,2728.86,1.6,5,5,74.0,0.0586
945,3010.41,1.57,7,12,84.0,0.0585
946,2942.44,1.51,5,6,80.0,0.0583
947,2679.03,1.55,3,6,78.0,0.0581
948,2744.68,1.6,4,5,74.0,0.0579
949,2877.79,1.48,3,5,78.0,0.0578
950,2971.51,1.6,4,5,76.0,0.0576
951,3146.88,1.62,3,12,86.0,0.0574
952,3015.32,1.59,9,7,82.0,0.0573
953,2730.16,1.52,1,10,76.0,0.0571
954,2945.49,1.57,5,9,90.0,0.0569
955,2746.02,1.69,5,8,90.0,0.0567
956,3030.55,1.49,3,7,90.0,0.0566
957,2747.85,1.54,1,1,78.0,0.0564
958,3272.23,1.5,4,4,72.0,0.0562
959,2730.76,1.46,4,7,70.0,0.0561
960,2731.58,1.6,4,5,80.0,0.0559
961,2898.26,1.59,4,4,78.0,0.0557
962,2856.84,1.69,3,5,76.0,0.0556
963,2575.11,1.57,5,6,86.0,0.0554
964,3040.74,1.47,5,7,80.0,0.0552
965,3044.99,1.6,8,10,84.0,0.0551
966,3010.63,1.63,4,4,74.0,0.0549
967,2746.17,1.55,1,4,74.0,0.0547
968,2696.08,1.67,6,5,78.0,0.0546
969,3197.86,1.57,5,4,80.0,0.0544
970,2764.42,1.62,4,5,76.0,0.0542
971,2620.15,1.54,3,5,64.0,0.0541
972,2745.46,1.61,3,10,80.0,0.0539
973,3129.58,1.54,3,4,84.0,0.0538
974,3038.31,1.65,3,4,80.0,0.0536
975,2544.7,1.64,4,4,72.0,0.0534
976,2976.51,1.44,1,4,86.0,0.0533
977,3075.33,1.51,7,4,86.0,0.0531
978,3241.95,1.6,4,4,72.0,0.0529
979,3113.34,1.66,1,6,78.0,0.0528
980,2715.03,1.62,4,7,74.0,0.0526
981,2908.67,1.6,3,8,74.0,0.0525
982,3173.25,1.48,2,9,78.0,0.0523
983,2967.61,1.49,2,9,84.0,0.0522
984,2957.98,1.6,4,4,76.0,0.052
985,3023.24,1.55,3,6,70.0,0.0518
986,2591.15,1.56,4,5,74.0,0.0517
987,2861.75,1.61,2,4,80.0,0.0515
988,3207.41,1.61,2,8,84.0,0.0514
989,2863.67,1.57,5,4,74.0,0.0512
990,3001.77,1.71,0,1,88.0,0.0511
991,2894.57,1.57,1,7,80.0,0.0509
992,2775.95,1.64,5,4,70.0,0.0508
993,2622.09,1.58,6,7,74.0,0.0506
994,3437.08,1.49,0,6,80.0,0.0505
995,2540.06,1.55,5,7,72.0,0.0503
996,2798.03,1.61,2,5,78.0,0.0502
997,2785.46,1.67,4,3,76.0,0.05
998,3154.55,1.53,7,7,84.0,0.0499
999,2573.26,1.59,7,7,82.0,0.0499
1000,2981.26,1.6,4,8,86.0,0.0499
1001,2467.05,1.64,4,9,76.0,0.0499
1002,3106.48,1.66,4,3,80.0,0.0499
1003,2703.25,1.64,3,7,76.0,0.0499
1004,2799.3,1.55,3,7,72.0,0.0499
1005,2881.4,1.65,4,5,78.0,0.0499
1006,2805.81,1.54,5,6,76.0,0.0499
1007,3043.78,1.56,3,4,84.0,0.0499
1008,2903.69,1.63,1,4,80.0,0.0499
1009,2562.75,1.63,5,3,80.0,0.0499
1010,2997.16,1.6,3,5,86.0,0.0499
1011,2857.99,1.67,1,6,84.0,0.0499
1012,3093.84,1.62,2,8,80.0,0.0499
1013,3029.53,1.57,7,3,84.0,0.0499
1014,3089.61,1.5,2,4,76.0,0.0499
1015,3227.06,1.48,3,5,92.0,0.0499
1016,2630.56,1.58,2,3,78.0,0.0499
1017,2610.69,1.74,4,6,68.0,0.0499
1018,2764.77,1.6,10,6,74.0,0.0499
1019,2861.59,1.73,5,7,92.0,0.0499
1020,3209.37,1.5,6,5,84.0,0.0499
1021,2923.39,1.52,5,6,74.0,0.0499
1022,2980.24,1.57,2,4,76.0,0.0499
1023,3005.44,1.61,6,7,70.0,0.0499
1024,2729.11,1.5,6,8,74.0,0.0499
1025,3048.5,1.68,7,10,80.0,0.0499
1026,3087.8,1.53,0,4,86.0,0.0499
1027,2919.02,1.67,5,6,82.0,0.0499
1028,2826.25,1.7,6,9,80.0,0.0499
1029,2808.36,1.57,4,6,76.0,0.0499
1030,3063.65,1.57,4,4,80.0,0.0499
1031,2858.78,1.61,4,3,72.0,0.0499
1032,2811.66,1.67,4,5,78.0,0.0499
1033,3076.77,1.53,3,5,86.0,0.0499
1034,2946.08,1.52,2,6,82.0,0.0499
1035,2675.23,1.62,3,11,66.0,0.0499
1036,3151.49,1.58,3,7,86.0,0.0499
1037,3034.05,1.58,4,9,86.0,0.0499
1038,3068.7,1.42,2,6,72.0,0.0499
1039,2988.58,1.5,7,9,88.0,0.0499
1040,2758.06,1.66,3,5,80.0,0.0499
1041,3160.99,1.41,3,3,78.0,0.0499
1042,3387.09,1.72,3,6,90.0,0.0499
1043,2804.67,1.64,5,7,82.0,0.0499
1044,2793.24,1.56,3,5,80.0,0.0499
1045,3202.37,1.53,4,4,82.0,0.0499
1046,2919.34,1.67,1,3,82.0,0.0499
1047,2906.54,1.57,2,8,88.0,0.0499
1048,3031.23,1.5,5,11,74.0,0.0499
1049,3208.03,1.57,8,10,70.0,0.0499
1050,3112.83,1.59,5,4,78.0,0.0499
1051,2774.0,1.66,8,10,74.0,0.0499
1052,3261.49,1.69,2,4,76.0,0.0499
1053,3406.28,1.46,6,8,86.0,0.0499
1054,2637.38,1.58,4,7,78.0,0.0499
1055,2773.92,1.54,2,5,76.0,0.0499
1056,2807.23,1.63,2,4,86.0,0.0499
1057,3247.09,1.62,1,2,82.0,0.0499
1058,2818.83,1.62,4,9,76.0,0.0499
1059,3045.54,1.47,3,5,78.0,0.0499
1060,2915.96,1.71,2,3,90.0,0.0499
1061,2669.7,1.6,3,6,68.0,0.0499
1062,2616.14,1.62,8,9,72.0,0.0499
1063,3121.46,1.46,1,2,88.0,0.0499
1064,2965.65,1.62,4,3,78.0,0.0499
1065,3264.3,1.61,4,5,84.0,0.0499
1066,3037.13,1.51,1,1,84.0,0.0499
1067,2962.37,1.69,4,6,84.0,0.0499
1068,2802.6,1.64,2,5,82.0,0.0499
1069,3179.79,1.56,3,8,84.0,0.0499
1070,2826.22,1.66,4,7,84.0,0.0499
1071,3292.08,1.54,6,7,84.0,0.0499
1072,2932.75,1.59,2,1,80.0,0.0499
1073,2774.31,1.56,5,8,86.0,0.0499
1074,3062.43,1.56,3,4,90.0,0.0499
1075,3292.97,1.66,4,7,86.0,0.0499
1076,3204.46,1.58,2,4,78.0,0.0499
1077,3066.88,1.51,1,4,90.0,0.0499
1078,3393.17,1.56,5,8,84.0,0.0499
1079,2644.36,1.63,5,7,70.0,0.0499
1080,2661.52,1.67,4,6,74.0,0.0499
1081,3010.27,1.58,4,3,86.0,0.0499
1082,2934.86,1.59,3,2,64.0,0.0499
1083,3176.27,1.63,3,6,80.0,0.0499
1084,2974.33,1.8,6,7,90.0,0.0499
1085,2794.28,1.58,4,4,88.0,0.0499
1086,3057.72,1.45,4,2,74.0,0.0499
1087,3273.12,1.54,4,5,90.0,0.0499
1088,2802.25,1.57,3,5,80.0,0.0499
1089,2743.65,1.52,5,8,82.0,0.0499
1090,2723.78,1.54,4,7,84.0,0.0499
1091,2978.55,1.55,7,4,84.0,0.0499
1092,2541.77,1.6,2,4,78.0,0.0499
1093,2826.97,1.46,1,6,78.0,0.0499
1094,2780.22,1.6,4,4,74.0,0.0499
1095,2821.04,1.56,3,7,74.0,0.0499
1096,2710.7,1.55,2,4,80.0,0.0499
1097,3044.37,1.49,4,4,80.0,0.0499
1098,2723.83,1.51,4,4,70.0,0.0499
1099,2968.97,1.44,4,5,78.0,0.0499
1100,2913.81,1.54,4,3,80.0,0.0499
1101,2836.82,1.52,2,3,80.0,0.0499
1102,3076.06,1.55,2,7,80.0,0.0499
1103,2775.39,1.59,2,6,86.0,0.0499
1104,2928.83,1.49,3,2,78.0,0.0499
1105,2764.37,1.54,6,4,84.0,0.0499
1106,2731.55,1.59,3,7,88.0,0.0499
1107,2959.73,1.54,6,3,82.0,0.0499
1108,2796.8,1.63,2,8,78.0,0.0499
1109,2517.39,1.49,5,7,66.0,0.0499
1110,3121.8,1.52,2,5,80.0,0.0499
1111,3123.15,1.39,3,8,90.0,0.0499
1112,2841.82,1.56,5,5,80.0,0.0499
1113,2909.26,1.52,3,3,82.0,0.0499
1114,3010.81,1.58,6,9,76.0,0.0499
1115,3479.14,1.43,3,4,90.0,0.0499
1116,2990.99,1.64,4,5,84.0,0.0499
1117,2895.1,1.45,3,8,74.0,0.0499
1118,2626.49,1.54,5,9,70.0,0.0499
1119,2783.97,1.6,2,5,76.0,0.0499
1120,3266.26,1.45,1,5,74.0,0.0499
1121,2758.89,1.54,3,8,84.0,0.0499
1122,3052.74,1.46,6,5,78.0,0.0499
1123,3104.95,1.64,4,4,78.0,0.0499
1124,2844.76,1.67,6,6,82.0,0.0499
1125,2776.49,1.6,3,6,82.0,0.0499
1126,3212.66,1.49,2,4,84.0,0.0499
1127,3022.56,1.47,2,6,74.0,0.0499
1128,2989.44,1.59,4,4,90.0,0.0499
1129,3311.83,1.51,1,4,86.0,0.0499
1130,2927.78,1.54,7,8,84.0,0.0499
1131,3140.09,1.54,1,5,80.0,0.0499
1132,2770.11,1.57,5,5,76.0,0.0499
1133,3280.68,1.62,3,5,76.0,0.0499
1134,3073.82,1.58,5,9,88.0,0.0499
1135,2626.23,1.59,2,2,66.0,0.0499
1136,2954.21,1.49,2,6,70.0,0.0499
1137,2763.52,1.71,4,4,82.0,0.0499
1138,2910.25,1.56,2,1,82.0,0.0499
1139,2691.28,1.57,5,11,84.0,0.0499
1140,3070.2,1.53,4,7,80.0,0.0499
1141,2741.64,1.66,2,3,76.0,0.0499
1142,2988.43,1.62,5,7,70.0,0.0499
1143,3249.81,1.52,1,3,86.0,0.0499
1144,2714.02,1.6,8,11,74.0,0.0499
1145,3157.71,1.63,3,6,82.0,0.0499
1146,2872.08,1.6,3,8,86.0,0.0499
1147,3251.88,1.44,0,2,84.0,0.0499
1148,3270.37,1.51,5,9,76.0,0.0499
1149,2731.21,1.57,6,6,78.0,0.0499
1150,3043.92,1.71,3,4,82.0,0.0499
1151,3144.78,1.57,2,3,76.0,0.0499
1152,2822.01,1.55,4,4,80.0,0.0499
1153,2574.3,1.74,2,6,74.0,0.0499
1154,2898.48,1.53,2,5,74.0,0.0499
1155,3099.92,1.54,3,7,84.0,0.0499
1156,2458.52,1.64,3,3,80.0,0.0499
1157,2974.93,1.57,2,5,82.0,0.0499
1158,2674.47,1.61,3,5,84.0,0.0499
1159,2884.07,1.58,4,6,78.0,0.0499
1160,2661.23,1.6,12,10,76.0,0.0499
1161,3373.78,1.51,3,5,72.0,0.0499
1162,2684.94,1.59,2,4,82.0,0.0499
1163,2878.99,1.58,2,8,68.0,0.0499
1164,3134.08,1.54,4,2,76.0,0.0499
1165,2812.1,1.48,10,10,80.0,0.0499
1166,2789.4,1.46,1,3,78.0,0.0499
1167,2776.16,1.43,7,5,80.0,0.0499
1168,2802.94,1.56,5,6,82.0,0.0499
1169,3161.37,1.55,5,5,74.0,0.0499
1170,3032.88,1.54,6,4,82.0,0.0499
1171,2907.89,1.6,4,3,78.0,0.0499
1172,3100.2,1.52,3,5,78.0,0.0499
1173,2944.06,1.52,2,7,82.0,0.0499
1174,3038.75,1.57,3,6,84.0,0.0499
1175,3109.41,1.67,6,4,76.0,0.0499
1176,2579.52,1.5,2,4,74.0,0.0499
1177,3096.72,1.59,2,5,84.0,0.0499
1178,2782.8,1.54,6,6,80.0,0.0499
1179,2799.55,1.46,7,7,78.0,0.0499
1180,2914.21,1.63,2,4,80.0,0.0499
1181,2982.05,1.5,4,6,78.0,0.0499
1182,2868.17,1.66,2,6,84.0,0.0499
1183,3005.82,1.66,3,7,92.0,0.0499
1184,3298.48,1.48,6,8,78.0,0.0499
1185,3108.08,1.48,6,2,72.0,0.0499
1186,3173.48,1.52,3,7,84.0,0.0499
1187,2585.08,1.58,3,2,78.0,0.0499
1188,3148.1,1.57,1,2,74.0,0.0499
1189,3085.68,1.57,4,6,80.0,0.0499
1190,2868.84,1.53,1,5,80.0,0.0499
1191,2799.66,1.64,1,2,80.0,0.0499
1192,2752.72,1.52,5,1,74.0,0.0499
1193,2788.06,1.66,4,7,86.0,0.0499
1194,3168.76,1.58,5,4,78.0,0.0499
1195,3197.41,1.64,4,8,94.0,0.0499
1196,3037.95,1.58,8,7,70.0,0.0499
1197,2804.67,1.52,3,5,82.0,0.0499
1198,3371.92,1.5,4,8,82.0,0.0499
1199,3170.89,1.63,4,3,78.0,0.0499
1200,2796.58,1.66,1,3,80.0,0.0499
1201,3121.42,1.57,5,5,78.0,0.0499
1202,2807.05,1.6,2,5,78.0,0.0499
1203,2613.45,1.64,1,5,76.0,0.0499
1204,2711.57,1.62,6,10,76.0,0.0499
1205,3123.51,1.58,1,4,90.0,0.0499
1206,2913.15,1.54,5,6,82.0,0.0499
1207,3021.71,1.53,2,6,80.0,0.0499
1208,3269.65,1.57,3,7,86.0,0.0499
1209,2851.31,1.55,4,4,74.0,0.0499
1210,2831.79,1.56,1,2,82.0,0.0499
1211,3183.97,1.43,6,10,82.0,0.0499
1212,2770.72,1.6,9,9,80.0,0.0499
1213,2918.32,1.57,2,4,66.0,0.0499
1214,2902.75,1.48,5,7,84.0,0.0499
1215,3160.94,1.52,6,5,82.0,0.0499
1216,2917.33,1.64,2,7,74.0,0.0499
1217,2690.25,1.55,2,5,74.0,0.0499
1218,3098.29,1.44,4,7,86.0,0.0499
1219,2729.63,1.56,5,6,80.0,0.0499
1220,3005.17,1.58,2,3,80.0,0.0499
1221,2655.42,1.76,5,6,82.0,0.0499
1222,3197.79,1.63,6,5,78.0,0.0499
1223,2710.92,1.56,3,5,82.0,0.0499
1224,3016.06,1.58,2,4,86.0,0.0499
1225,3099.63,1.56,4,5,84.0,0.0499
1226,2754.22,1.64,3,8,86.0,0.0499
1227,2900.47,1.59,5,9,74.0,0.0499
1228,2918.48,1.61,3,6,72.0,0.0499
1229,3238.91,1.48,3,10,76.0,0.0499
1230,2735.01,1.63,4,7,76.0,0.0499
1231,2813.89,1.64,6,6,78.0,0.0499
1232,2936.07,1.66,7,9,66.0,0.0499
1233,2838.39,1.68,3,3,82.0,0.0499
1234,3135.17,1.51,3,5,80.0,0.0499
1235,3149.59,1.66,4,8,80.0,0.0499
1236,3450.1,1.45,3,7,86.0,0.0499
1237,3283.57,1.62,8,9,88.0,0.0499
1238,2937.69,1.57,3,4,82.0,0.0499
1239,2834.73,1.63,4,9,84.0,0.0499
1240,3108.81,1.6,3,7,76.0,0.0499
1241,2748.04,1.53,5,5,88.0,0.0499
1242,2951.75,1.6,6,8,86.0,0.0499
1243,2613.89,1.54,11,10,76.0,0.0499
1244,2972.67,1.53,1,5,74.0,0.0499
1245,2730.39,1.72,3,4,76.0,0.0499
1246,2847.71,1.5,4,5,74.0,0.0499
1247,2895.93,1.47,4,5,84.0,0.0499
1248,2700.99,1.64,4,7,76.0,0.0499
1249,2639.84,1.66,4,8,78.0,0.0499
1250,3083.02,1.55,4,6,76.0,0.0499
1251,3070.08,1.57,3,7,84.0,0.0499
1252,3057.44,1.49,5,10,78.0,0.0499
1253,2915.95,1.62,4,9,74.0,0.0499
1254,2839.02,1.66,4,7,76.0,0.0499
1255,3165.58,1.56,2,4,76.0,0.0499
1256,2849.78,1.64,4,5,76.0,0.0499
1257,2826.83,1.61,5,4,84.0,0.0499
1258,2904.22,1.51,4,6,88.0,0.0499
1259,2715.71,1.52,7,8,78.0,0.0499
1260,2925.9,1.45,4,6,80.0,0.0499
1261,3179.2,1.6,3,5,88.0,0.0499
1262,2834.32,1.69,0,4,76.0,0.0499
1263,2946.58,1.6,4,5,84.0,0.0499
1264,3354.69,1.54,2,8,86.0,0.0499
1265,3246.13,1.52,4,7,72.0,0.0499
1266,2832.85,1.63,4,4,82.0,0.0499
1267,2788.21,1.63,7,10,78.0,0.0499
1268,2931.19,1.57,4,4,70.0,0.0499
1269,3263.95,1.6,5,10,80.0,0.0499
1270,2852.71,1.59,5,8,82.0,0.0499
1271,3057.48,1.54,4,6,90.0,0.0499
1272,3003.81,1.56,3,8,82.0,0.0499
1273,3017.94,1.52,3,5,76.0,0.0499
1274,3096.62,1.68,1,8,80.0,0.0499
1275,2728.76,1.6,3,7,84.0,0.0499
1276,2890.32,1.72,8,11,78.0,0.0499
1277,2660.23,1.69,2,3,78.0,0.0499
1278,3053.06,1.6,3,5,80.0,0.0499
1279,2896.54,1.75,4,3,78.0,0.0499
1280,2644.05,1.65,1,8,86.0,0.0499
1281,3369.14,1.52,1,8,90.0,0.0499
1282,2691.43,1.58,2,3,70.0,0.0499
1283,2909.06,1.49,5,4,82.0,0.0499
1284,3145.04,1.46,7,8,78.0,0.0499
1285,2577.7,1.68,8,6,74.0,0.0499
1286,3171.49,1.57,7,9,88.0,0.0499
1287,2950.51,1.56,4,4,84.0,0.0499
1288,2926.17,1.6,3,5,80.0,0.0499
1289,2814.97,1.45,2,8,84.0,0.0499
1290,2820.55,1.44,6,6,78.0,0.0499
1291,3145.59,1.47,9,8,82.0,0.0499
1292,3272.2,1.47,7,9,84.0,0.0499
1293,3463.29,1.57,4,5,86.0,0.0499
1294,3057.24,1.64,2,6,82.0,0.0499
1295,2514.28,1.66,6,8,80.0,0.0499
1296,2860.55,1.55,5,3,84.0,0.0499
1297,2831.8,1.74,3,3,78.0,0.0499
1298,2886.77,1.63,5,4,76.0,0.0499
1299,2822.55,1.61,5,9,86.0,0.0499
1300,2984.45,1.54,3,2,74.0,0.0499
1301,2591.83,1.64,7,10,72.0,0.0499
1302,2909.2,1.58,4,6,86.0,0.0499
1303,2887.91,1.46,5,5,74.0,0.0499
1304,2921.71,1.52,8,7,72.0,0.0499
1305,2823.96,1.57,4,6,88.0,0.0499
1306,2760.15,1.62,6,7,80.0,0.0499
1307,3132.59,1.43,7,5,84.0,0.0499
1308,2653.77,1.63,0,3,82.0,0.0499
1309,2879.62,1.57,1,8,76.0,0.0499
1310,2973.88,1.47,3,3,74.0,0.0499
1311,3360.09,1.68,8,6,90.0,0.0499
1312,3010.75,1.54,4,7,82.0,0.0499
1313,2804.21,1.66,3,6,84.0,0.0499
1314,2831.41,1.53,5,11,74.0,0.0499
1315,2828.16,1.69,4,4,84.0,0.0499
1316,3141.25,1.53,6,11,72.0,0.0499
1317,2893.83,1.6,2,3,80.0,0.0499
1318,2881.61,1.59,3,5,78.0,0.0499
1319,2997.38,1.49,5,10,80.0,0.0499
1320,2913.07,1.55,3,7,76.0,0.0499
1321,2701.89,1.54,2,3,74.0,0.0499
1322,3359.09,1.63,3,4,90.0,0.0499
1323,2837.9,1.48,5,4,76.0,0.0499
1324,2891.01,1.52,5,6,80.0,0.0499
1325,2866.41,1.6,3,1,80.0,0.0499
1326,2848.57,1.68,5,5,92.0,0.0499
1327,2641.92,1.55,3,4,68.0,0.0499
1328,2756.62,1.48,3,4,80.0,0.0499
1329,3250.59,1.62,2,4,80.0,0.0499
1330,3041.27,1.58,6,9,82.0,0.0499
1331,2826.86,1.67,5,6,76.0,0.0499
1332,2951.1,1.7,3,3,90.0,0.0499
1333,3099.05,1.62,2,6,88.0,0.0499
1334,3058.56,1.59,8,7,80.0,0.0499
1335,2781.89,1.57,1,3,88.0,0.0499
1336,2747.12,1.59,4,10,84.0,0.0499
1337,2913.98,1.63,1,5,80.0,0.0499
1338,3076.32,1.54,4,7,80.0,0.0499
1339,3009.9,1.62,2,4,84.0,0.0499
1340,2308.69,1.56,5,10,60.0,0.0499
1341,2937.08,1.64,3,7,66.0,0.0499
1342,2727.9,1.54,1,2,80.0,0.0499
1343,2827.1,1.63,5,4,82.0,0.0499
1344,2690.9,1.69,3,3,86.0,0.0499
1345,2698.92,1.64,3,8,76.0,0.0499
1346,2827.45,1.5,2,5,84.0,0.0499
1347,2991.95,1.56,3,6,86.0,0.0499
1348,2948.17,1.58,3,3,78.0,0.0499
1349,3211.67,1.55,11,9,86.0,0.0499
1350,2876.77,1.54,8,6,86.0,0.0499
1351,2713.05,1.57,6,8,82.0,0.0499
1352,3054.31,1.52,6,7,80.0,0.0499
1353,3268.61,1.53,5,6,80.0,0.0499
1354,3016.58,1.55,5,7,74.0,0.0499
1355,3081.52,1.59,3,2,88.0,0.0499
1356,3139.49,1.53,5,4,80.0,0.0499
1357,2902.3,1.48,5,7,76.0,0.0499
1358,3300.36,1.45,3,4,86.0,0.0499
1359,2702.65,1.78,5,5,84.0,0.0499
1360,3273.53,1.56,5,2,82.0,0.0499
1361,2711.84,1.51,4,5,78.0,0.0499
1362,2998.79,1.56,1,4,84.0,0.0499
1363,3131.66,1.56,4,7,84.0,0.0499
1364,2805.16,1.53,1,7,82.0,0.0499
1365,3277.78,1.56,4,7,84.0,0.0499
1366,2726.69,1.51,1,5,82.0,0.0499
1367,2722.35,1.57,6,5,80.0,0.0499
1368,2336.56,1.65,6,7,68.0,0.0499
1369,2674.58,1.52,2,4,72.0,0.0499
1370,3279.82,1.56,2,7,88.0,0.0499
1371,2784.45,1.62,1,1,94.0,0.0499
1372,2850.02,1.57,5,4,86.0,0.0499
1373,2915.54,1.56,3,6,90.0,0.0499
1374,3356.22,1.42,4,4,84.0,0.0499
1375,2901.57,1.5,2,7,82.0,0.0499
1376,3083.27,1.39,5,12,90.0,0.0499
1377,2886.43,1.61,2,4,86.0,0.0499
1378,3072.59,1.55,5,6,86.0,0.0499
1379,3020.99,1.58,6,6,82.0,0.0499
1380,2501.99,1.6,2,1,72.0,0.0499
1381,3127.16,1.38,7,8,78.0,0.0499
1382,2775.89,1.7,3,8,84.0,0.0499
1383,2975.6,1.65,4,5,84.0,0.0499
1384,2832.47,1.61,3,6,80.0,0.0499
1385,2710.3,1.56,3,7,84.0,0.0499
1386,2890.13,1.51,4,6,72.0,0.0499
1387,3165.87,1.6,3,7,78.0,0.0499
1388,2831.39,1.55,6,6,82.0,0.0499
1389,3002.95,1.49,2,3,72.0,0.0499
1390,2669.26,1.57,7,8,86.0,0.0499
1391,3120.72,1.49,6,6,84.0,0.0499
1392,3260.75,1.46,7,10,86.0,0.0499
1393,2635.0,1.56,2,5,78.0,0.0499
1394,3017.61,1.71,6,5,86.0,0.0499
1395,2722.58,1.5,7,12,82.0,0.0499
1396,3257.58,1.59,2,3,86.0,0.0499
1397,3188.44,1.61,2,4,78.0,0.0499
1398,2960.05,1.51,4,4,84.0,0.0499
1399,2668.35,1.54,3,5,86.0,0.0499
1400,2859.57,1.67,3,5,74.0,0.0499
1401,3050.22,1.56,3,7,78.0,0.0499
1402,2674.52,1.57,2,10,82.0,0.0499
1403,3007.54,1.54,4,4,82.0,0.0499
1404,2757.13,1.64,1,2,82.0,0.0499
1405,2914.83,1.59,4,5,78.0,0.0499
1406,2981.01,1.71,5,6,78.0,0.0499
1407,2760.06,1.54,5,8,82.0,0.0499
1408,3037.89,1.62,5,8,84.0,0.0499
1409,3290.96,1.53,1,4,84.0,0.0499
1410,2907.96,1.6,2,5,84.0,0.0499
1411,3190.6,1.52,4,4,76.0,0.0499
1412,2838.11,1.69,4,10,78.0,0.0499
1413,2984.04,1.61,4,10,86.0,0.0499
1414,2654.62,1.54,6,9,84.0,0.0499
1415,3058.38,1.54,5,6,88.0,0.0499
1416,2698.78,1.5,5,6,86.0,0.0499
1417,2677.51,1.56,3,3,80.0,0.0499
1418,2686.75,1.58,4,6,78.0,0.0499
1419,2782.38,1.67,6,7,78.0,0.0499
1420,3105.2,1.6,2,4,82.0,0.0499
1421,2610.45,1.6,6,8,78.0,0.0499
1422,3076.35,1.7,2,2,80.0,0.0499
1423,2500.47,1.55,4,5,80.0,0.0499
1424,2657.43,1.57,4,7,80.0,0.0499
1425,3117.94,1.42,4,10,86.0,0.0499
1426,2991.83,1.49,4,5,84.0,0.0499
1427,3265.48,1.62,7,6,74.0,0.0499
1428,2889.37,1.48,4,7,78.0,0.0499
1429,3092.15,1.52,3,5,74.0,0.0499
1430,3054.96,1.58,5,7,78.0,0.0499
1431,2925.46,1.62,6,5,72.0,0.0499
1432,2863.61,1.57,4,5,82.0,0.0499
1433,2938.08,1.57,3,5,90.0,0.0499
1434,2955.23,1.58,4,7,80.0,0.0499
1435,2666.42,1.68,4,5,70.0,0.0499
1436,3071.09,1.51,5,8,74.0,0.0499
1437,2953.06,1.64,3,4,88.0,0.0499
1438,3015.63,1.57,7,7,82.0,0.0499
1439,3252.42,1.43,5,9,90.0,0.0499
1440,3229.98,1.59,2,6,74.0,0.0499
1441,2907.53,1.5,5,6,80.0,0.0499
1442,2952.74,1.57,4,6,84.0,0.0499
1443,2638.08,1.55,5,7,82.0,0.0499
1444,2807.18,1.68,3,6,84.0,0.0499
1445,3107.6,1.45,4,7,80.0,0.0499
1446,3064.0,1.51,3,5,66.0,0.0499
1447,3257.76,1.64,5,6,84.0,0.0499
1448,2916.54,1.43,5,8,80.0,0.0499
1449,3020.17,1.61,4,6,84.0,0.0499
1450,2644.14,1.52,3,1,80.0,0.0499
1451,3003.66,1.67,6,6,82.0,0.0499
1452,2685.58,1.5,2,6,72.0,0.0499
1453,3095.32,1.5,2,4,82.0,0.0499
1454,2867.48,1.64,5,10,82.0,0.0499
1455,2934.05,1.61,2,3,78.0,0.0499
1456,3038.26,1.69,4,4,80.0,0.0499
1457,2899.85,1.54,7,3,74.0,0.0499
1458,2869.07,1.59,1,1,86.0,0.0499
1459,3288.41,1.48,7,7,80.0,0.0499
1460,2879.76,1.61,0,3,76.0,0.0499
1461,3051.26,1.6,2,3,78.0,0.0499
1462,2883.54,1.7,4,7,80.0,0.0499
1463,2908.47,1.53,4,6,76.0,0.0499
1464,2986.14,1.61,2,5,82.0,0.0499
1465,3257.0,1.67,0,1,78.0,0.0499
1466,2766.3,1.62,5,9,74.0,0.0499
1467,3325.77,1.45,5,6,96.0,0.0499
1468,2973.06,1.6,3,2,76.0,0.0499
1469,2830.46,1.68,4,3,64.0,0.0499
1470,2947.64,1.65,5,1,80.0,0.0499
1471,2987.69,1.54,6,12,82.0,0.0499
1472,2807.73,1.58,6,7,74.0,0.0499
1473,2906.65,1.56,1,5,80.0,0.0499
1474,2902.42,1.57,4,7,76.0,0.0499
1475,3074.7,1.64,4,4,84.0,0.0499
1476,2659.93,1.66,2,7,80.0,0.0499
1477,3309.65,1.51,2,1,84.0,0.0499
1478,3119.48,1.58,3,2,72.0,0.0499
1479,2947.02,1.58,2,5,78.0,0.0499
1480,2996.62,1.39,1,6,88.0,0.0499
1481,2980.36,1.44,6,4,74.0,0.0499
1482,3076.3,1.61,4,4,74.0,0.0499
1483,2520.85,1.55,5,3,70.0,0.0499
1484,2933.65,1.59,4,4,82.0,0.0499
1485,2931.76,1.58,5,7,88.0,0.0499
1486,2953.86,1.47,3,7,84.0,0.0499
1487,3216.34,1.53,1,4,80.0,0.0499
1488,3102.33,1.45,7,7,82.0,0.0499
1489,2764.15,1.66,7,12,68.0,0.0499
1490,2593.78,1.74,5,6,68.0,0.0499
1491,3024.83,1.54,2,4,88.0,0.0499
1492,3139.26,1.61,6,7,90.0,0.0499
1493,3126.76,1.58,5,7,80.0,0.0499
1494,2810.73,1.58,4,7,76.0,0.0499
1495,2809.86,1.49,2,6,84.0,0.0499
1496,2968.27,1.58,3,3,76.0,0.0499
1497,2989.88,1.56,2,5,80.0,0.0499
1498,3245.72,1.53,2,8,84.0,0.0499
1499,2920.06,1.57,3,4,84.0,0.0499
1500,2829.02,1.55,2,6,76.0,0.0499
1501,2998.01,1.5,7,7,88.0,0.0499
1502,3014.26,1.55,5,8,82.0,0.0499
1503,2956.71,1.61,3,6,78.0,0.0499
1504,2965.03,1.44,4,5,74.0,0.0499
1505,3105.7,1.46,4,6,82.0,0.0499
1506,2970.63,1.59,4,2,86.0,0.0499
1507,3074.41,1.61,4,4,88.0,0.0499
1508,2512.79,1.71,3,6,80.0,0.0499
1509,2843.3,1.59,7,9,86.0,0.0499
1510,2964.45,1.57,6,8,82.0,0.0499
1511,2969.15,1.53,3,6,82.0,0.0499
1512,2983.36,1.6,2,5,70.0,0.0499
1513,2947.86,1.45,2,4,88.0,0.0499
1514,2980.34,1.55,7,8,84.0,0.0499
1515,2858.34,1.59,2,6,80.0,0.0499
1516,3497.47,1.58,0,6,84.0,0.0499
1517,2724.78,1.62,1,0,80.0,0.0499
1518,3040.22,1.5,2,7,78.0,0.0499
1519,3008.38,1.62,6,10,88.0,0.0499
1520,2457.84,1.54,3,12,84.0,0.0499
1521,2977.39,1.5,4,5,76.0,0.0499
1522,2624.05,1.6,4,6,60.0,0.0499
1523,3083.29,1.55,2,6,82.0,0.0499
1524,3480.09,1.46,5,4,92.0,0.0499
1525,2588.3,1.68,3,4,76.0,0.0499
1526,3155.37,1.51,3,3,76.0,0.0499
1527,3213.16,1.5,6,7,76.0,0.0499
1528,2804.34,1.58,6,6,64.0,0.0499
1529,2776.44,1.53,6,2,74.0,0.0499
1530,2841.99,1.49,2,3,78.0,0.0499
1531,2707.02,1.64,2,5,82.0,0.0499
1532,2977.54,1.49,3,4,82.0,0.0499
1533,2822.72,1.49,6,6,88.0,0.0499
1534,2806.29,1.56,2,3,74.0,0.0499
1535,2819.58,1.56,4,5,76.0,0.0499
1536,2840.03,1.53,3,4,76.0,0.0499
1537,2635.86,1.48,1,5,78.0,0.0499
1538,3127.77,1.5,0,2,82.0,0.0499
1539,2746.08,1.62,3,5,68.0,0.0499
1540,2978.66,1.5,5,7,82.0,0.0499
1541,2832.06,1.46,4,8,74.0,0.0499
1542,2561.19,1.61,2,4,76.0,0.0499
1543,3268.69,1.5,6,6,82.0,0.0499
1544,3247.2,1.47,4,6,82.0,0.0499
1545,2664.91,1.66,4,8,70.0,0.0499
1546,3162.51,1.53,4,6,82.0,0.0499
1547,2779.17,1.54,6,7,72.0,0.0499
1548,3325.81,1.58,3,4,84.0,0.0499
1549,3022.93,1.47,7,5,86.0,0.0499
1550,2872.57,1.7,5,6,80.0,0.0499
1551,2875.84,1.55,4,4,80.0,0.0499
1552,3244.58,1.37,1,5,78.0,0.0499
1553,2762.11,1.65,3,6,80.0,0.0499
1554,2933.47,1.49,5,8,84.0,0.0499
1555,2954.61,1.54,4,3,84.0,0.0499
1556,2951.0,1.71,6,5,80.0,0.0499
1557,3032.9,1.48,2,3,74.0,0.0499
1558,2885.06,1.58,5,7,86.0,0.0499
1559,2701.95,1.57,3,1,72.0,0.0499
1560,2824.09,1.69,4,3,74.0,0.0499
1561,3238.44,1.61,7,7,80.0,0.0499
1562,2638.46,1.6,4,5,76.0,0.0499
1563,2931.89,1.55,2,7,76.0,0.0499
1564,3094.72,1.49,3,6,80.0,0.0499
1565,2620.19,1.59,2,6,82.0,0.0499
1566,2868.95,1.52,5,6,78.0,0.0499
1567,2919.25,1.65,6,12,76.0,0.0499
1568,2895.7,1.59,2,3,80.0,0.0499
1569,3036.17,1.65,4,5,86.0,0.0499
1570,2998.51,1.58,2,6,86.0,0.0499
1571,2927.02,1.56,5,6,76.0,0.0499
1572,3222.87,1.55,3,6,88.0,0.0499
1573,3153.02,1.66,3,2,84.0,0.0499
1574,2718.61,1.59,7,8,78.0,0.0499
1575,3026.47,1.47,3,2,76.0,0.0499
1576,2816.73,1.61,2,5,86.0,0.0499
1577,2894.48,1.51,4,6,76.0,0.0499
1578,3222.38,1.52,4,6,80.0,0.0499
1579,2595.03,1.64,5,4,76.0,0.0499
1580,3095.55,1.53,3,8,84.0,0.0499
1581,2810.36,1.67,3,4,82.0,0.0499
1582,2851.53,1.63,4,5,82.0,0.0499
1583,3069.39,1.67,8,11,90.0,0.0499
1584,2742.79,1.62,7,11,78.0,0.0499
1585,2918.47,1.51,7,5,76.0,0.0499
1586,2789.31,1.52,5,5,76.0,0.0499
1587,3427.77,1.59,5,7,72.0,0.0499
1588,2824.58,1.49,2,7,78.0,0.0499
1589,2823.59,1.55,4,4,78.0,0.0499
1590,2960.86,1.53,6,5,84.0,0.0499
1591,2942.22,1.69,2,5,78.0,0.0499
1592,3013.36,1.67,4,3,84.0,0.0499
1593,2533.95,1.62,3,2,80.0,0.0499
1594,2830.24,1.5,4,6,72.0,0.0499
1595,3041.76,1.53,3,8,76.0,0.0499
1596,2938.49,1.53,0,4,76.0,0.0499
1597,2871.25,1.62,4,8,68.0,0.0499
1598,3094.78,1.59,2,2,84.0,0.0499
1599,3068.62,1.59,3,7,78.0,0.0499
1600,2675.67,1.55,2,6,80.0,0.0499
1601,2602.68,1.66,8,8,66.0,0.0499
1602,3269.73,1.58,4,5,88.0,0.0499
1603,2710.71,1.62,3,6,74.0,0.0499
1604,2708.96,1.45,2,6,84.0,0.0499
1605,2717.38,1.57,5,5,84.0,0.0499
1606,2722.17,1.5,4,7,74.0,0.0499
1607,3206.66,1.51,2,7,80.0,0.0499
1608,3017.34,1.6,6,8,82.0,0.0499
1609,3294.68,1.53,3,4,88.0,0.0499
1610,3182.18,1.61,3,8,74.0,0.0499
1611,3248.18,1.51,2,1,84.0,0.0499
1612,2811.3,1.55,2,4,74.0,0.0499
1613,2742.8,1.61,6,7,82.0,0.0499
1614,2611.12,1.49,1,7,80.0,0.0499
1615,2559.23,1.43,3,6,70.0,0.0499
1616,3225.46,1.61,4,5,78.0,0.0499
1617,3396.17,1.59,6,7,78.0,0.0499
1618,2886.8,1.64,4,7,70.0,0.0499
1619,2733.27,1.48,3,5,76.0,0.0499
1620,2754.61,1.65,3,5,74.0,0.0499
1621,2797.18,1.53,6,6,74.0,0.0499
1622,2831.76,1.62,5,7,76.0,0.0499
1623,2793.99,1.51,1,5,84.0,0.0499
1624,2434.96,1.53,2,6,76.0,0.0499
1625,3137.89,1.52,3,5,84.0,0.0499
1626,3015.24,1.63,5,7,78.0,0.0499
1627,2976.31,1.5,3,8,82.0,0.0499
1628,2806.73,1.61,3,6,76.0,0.0499
1629,3200.02,1.62,5,4,80.0,0.0499
1630,2564.83,1.6,2,4,78.0,0.0499
1631,2829.42,1.52,4,5,74.0,0.0499
1632,3128.92,1.63,5,8,74.0,0.0499
1633,3062.16,1.65,2,3,78.0,0.0499
1634,2804.31,1.6,5,10,82.0,0.0499
1635,3268.96,1.64,3,4,80.0,0.0499
1636,3474.17,1.57,6,4,94.0,0.0499
1637,3119.22,1.52,7,3,80.0,0.0499
1638,3078.8,1.56,4,6,74.0,0.0499
1639,2617.9,1.6,3,8,76.0,0.0499
1640,2749.41,1.59,5,7,86.0,0.0499
1641,3332.8,1.56,3,5,82.0,0.0499
1642,2892.57,1.53,4,7,82.0,0.0499
1643,2700.55,1.57,2,4,70.0,0.0499
1644,2920.63,1.59,3,10,78.0,0.0499
1645,3177.13,1.58,5,6,86.0,0.0499
1646,2911.35,1.61,2,6,82.0,0.0499
1647,2911.08,1.59,6,8,84.0,0.0499
1648,3168.9,1.48,3,8,78.0,0.0499
1649,3015.7,1.57,2,1,76.0,0.0499
1650,2683.66,1.73,4,5,70.0,0.0499
1651,3005.33,1.63,1,5,84.0,0.0499
1652,2757.82,1.62,6,6,80.0,0.0499
1653,2725.0,1.57,4,5,86.0,0.0499
1654,3271.04,1.47,3,7,84.0,0.0499
1655,2978.42,1.67,5,3,88.0,0.0499
1656,2848.93,1.61,1,6,82.0,0.0499
1657,3041.53,1.56,3,6,86.0,0.0499
1658,2627.62,1.55,4,5,82.0,0.0499
1659,2819.05,1.62,4,7,84.0,0.0499
1660,3152.79,1.58,6,9,92.0,0.0499
1661,3021.57,1.44,4,3,78.0,0.0499
1662,2820.47,1.68,5,4,76.0,0.0499
1663,2751.31,1.59,2,5,86.0,0.0499
1664,3075.88,1.49,1,5,78.0,0.0499
1665,3423.95,1.49,3,4,88.0,0.0499
1666,3331.56,1.56,8,2,76.0,0.0499
1667,3230.02,1.54,3,9,80.0,0.0499
1668,3076.38,1.49,3,5,78.0,0.0499
1669,2904.94,1.54,3,4,82.0,0.0499
1670,3065.8,1.61,6,9,80.0,0.0499
1671,2794.69,1.5,1,5,82.0,0.0499
1672,2871.83,1.56,5,5,66.0,0.0499
1673,2639.67,1.61,4,7,78.0,0.0499
1674,3031.06,1.41,3,4,86.0,0.0499
1675,2715.02,1.55,3,5,64.0,0.0499
1676,2795.01,1.59,9,8,72.0,0.0499
1677,2744.2,1.64,3,4,74.0,0.0499
1678,2765.81,1.51,6,7,64.0,0.0499
1679,2698.66,1.54,4,3,78.0,0.0499
1680,2851.88,1.61,5,10,64.0,0.0499
1681,3062.22,1.47,4,2,88.0,0.0499
1682,2956.17,1.57,4,9,72.0,0.0499
1683,2733.9,1.5,3,5,78.0,0.0499
1684,3034.64,1.55,8,4,80.0,0.0499
1685,3024.74,1.58,3,3,84.0,0.0499
1686,2811.58,1.56,2,4,72.0,0.0499
1687,2877.61,1.52,5,3,76.0,0.0499
1688,2758.68,1.66,5,7,64.0,0.0499
1689,2761.92,1.62,1,2,82.0,0.0499
1690,2698.33,1.49,8,6,78.0,0.0499
1691,2974.04,1.57,4,5,78.0,0.0499
1692,2776.19,1.55,2,6,70.0,0.0499
1693,2714.26,1.54,0,5,90.0,0.0499
1694,2861.11,1.57,8,9,82.0,0.0499
1695,2938.17,1.54,8,8,88.0,0.0499
1696,2891.01,1.72,2,6,82.0,0.0499
1697,2825.3,1.54,4,2,78.0,0.0499
1698,2650.72,1.61,3,4,74.0,0.0499
1699,2970.51,1.54,5,4,78.0,0.0499
1700,3006.22,1.55,3,4,80.0,0.0499
1701,2970.43,1.61,1,7,72.0,0.0499
1702,2641.95,1.64,1,6,78.0,0.0499
1703,3185.34,1.49,4,7,82.0,0.0499
1704,3121.64,1.47,2,7,92.0,0.0499
1705,2944.99,1.52,8,10,86.0,0.0499
1706,2860.03,1.6,3,5,86.0,0.0499
1707,2985.89,1.47,2,4,88.0,0.0499
1708,2834.52,1.54,2,4,80.0,0.0499
1709,2655.98,1.49,2,8,82.0,0.0499
1710,2826.95,1.63,0,3,78.0,0.0499
1711,2809.68,1.66,2,4,82.0,0.0499
1712,2645.87,1.56,5,11,84.0,0.0499
1713,2866.85,1.53,1,2,82.0,0.0499
1714,2883.28,1.59,3,6,80.0,0.0499
1715,3226.66,1.42,0,2,74.0,0.0499
1716,3235.98,1.49,4,5,86.0,0.0499
1717,2856.12,1.52,4,5,72.0,0.0499
1718,2889.66,1.58,0,6,86.0,0.0499
1719,3225.41,1.71,2,5,86.0,0.0499
1720,2918.23,1.62,4,3,78.0,0.0499
1721,3069.96,1.53,1,3,76.0,0.0499
1722,3147.59,1.62,5,4,78.0,0.0499
1723,2689.11,1.62,2,6,80.0,0.0499
1724,2632.8,1.52,4,6,78.0,0.0499
1725,2932.31,1.54,5,7,68.0,0.0499
1726,2860.95,1.6,2,7,90.0,0.0499
1727,3125.73,1.54,6,8,90.0,0.0499
1728,2937.11,1.46,1,7,80.0,0.0499
1729,2871.17,1.58,2,8,84.0,0.0499
1730,3211.58,1.54,4,5,84.0,0.0499
1731,3080.62,1.47,4,8,72.0,0.0499
1732,2577.44,1.58,4,6,78.0,0.0499
1733,2785.53,1.49,5,9,78.0,0.0499
1734,2991.95,1.66,8,8,70.0,0.0499
1735,3084.27,1.5,3,7,84.0,0.0499
1736,2874.11,1.55,6,6,72.0,0.0499
1737,3012.44,1.59,4,6,74.0,0.0499
1738,2738.19,1.6,5,5,78.0,0.0499
1739,3091.34,1.55,1,8,86.0,0.0499
1740,3096.47,1.69,7,8,68.0,0.0499
1741,2817.27,1.67,0,8,74.0,0.0499
1742,2945.92,1.58,1,6,70.0,0.0499
1743,2924.41,1.64,1,6,78.0,0.0499
1744,2922.1,1.58,0,8,84.0,0.0499
1745,2549.1,1.68,3,6,72.0,0.0499
1746,2838.15,1.46,4,6,80.0,0.0499
1747,3073.83,1.51,7,6,70.0,0.0499
1748,2679.42,1.52,1,2,78.0,0.0499
1749,2865.39,1.47,8,8,74.0,0.0499
1750,3335.83,1.58,3,6,84.0,0.0499
1751,2655.45,1.54,5,3,76.0,0.0499
1752,3046.46,1.51,6,8,76.0,0.0499
1753,2906.67,1.47,5,6,68.0,0.0499
1754,2906.1,1.58,1,6,86.0,0.0499
1755,3006.44,1.59,4,3,76.0,0.0499
1756,2869.82,1.65,6,6,70.0,0.0499
1757,2636.81,1.66,4,5,62.0,0.0499
1758,2996.23,1.49,2,3,74.0,0.0499
1759,3089.71,1.62,4,7,78.0,0.0499
1760,2863.69,1.52,6,6,76.0,0.0499
1761,2588.31,1.66,3,3,72.0,0.0499
1762,2993.42,1.53,1,3,72.0,0.0499
1763,2735.43,1.62,3,4,80.0,0.0499
1764,3156.3,1.67,1,5,76.0,0.0499
1765,3016.43,1.52,5,7,74.0,0.0499
1766,2788.17,1.61,4,6,68.0,0.0499
1767,3049.05,1.56,4,3,84.0,0.0499
1768,3118.59,1.57,4,4,80.0,0.0499
1769,2897.07,1.49,4,7,88.0,0.0499
1770,2703.0,1.54,5,12,80.0,0.0499
1771,2963.06,1.58,7,8,80.0,0.0499
1772,2929.53,1.66,4,10,80.0,0.0499
1773,2957.07,1.67,5,7,84.0,0.0499
1774,2773.12,1.63,6,7,84.0,0.0499
1775,3001.02,1.6,7,7,80.0,0.0499
1776,2686.33,1.62,4,5,82.0,0.0499
1777,2807.22,1.65,4,7,74.0,0.0499
1778,2796.59,1.54,7,9,74.0,0.0499
1779,3256.76,1.56,4,1,86.0,0.0499
1780,2960.81,1.61,2,3,82.0,0.0499
1781,3241.06,1.65,2,7,92.0,0.0499
1782,2821.27,1.56,4,3,80.0,0.0499
1783,3150.07,1.49,7,5,86.0,0.0499
1784,3066.12,1.65,4,5,86.0,0.0499
1785,2853.15,1.58,1,4,66.0,0.0499
1786,2864.81,1.53,5,5,92.0,0.0499
1787,2978.62,1.65,6,7,82.0,0.0499
1788,2979.38,1.51,4,8,90.0,0.0499
1789,2868.64,1.52,4,6,78.0,0.0499
1790,2667.01,1.67,2,6,80.0,0.0499
1791,3029.01,1.46,1,6,82.0,0.0499
1792,3004.65,1.54,1,3,80.0,0.0499
1793,2734.76,1.7,5,5,72.0,0.0499
1794,2769.24,1.61,2,4,70.0,0.0499
1795,3057.93,1.49,7,8,88.0,0.0499
1796,2892.46,1.59,3,8,78.0,0.0499
1797,2926.1,1.64,3,4,76.0,0.0499
1798,2578.4,1.58,3,4,78.0,0.0499
1799,2641.7,1.5,6,6,78.0,0.0499
1800,2948.84,1.58,5,6,80.0,0.0499
1801,2779.67,1.65,2,9,82.0,0.0499
1802,2856.09,1.65,8,6,82.0,0.0499
1803,2755.86,1.65,6,4,74.0,0.0499
1804,2974.7,1.61,4,4,80.0,0.0499
1805,3102.88,1.55,3,7,78.0,0.0499
1806,3106.91,1.52,6,6,90.0,0.0499
1807,3180.28,1.51,3,5,86.0,0.0499
1808,3025.96,1.57,5,5,82.0,0.0499
1809,2705.1,1.61,5,4,68.0,0.0499
1810,2799.31,1.53,1,4,80.0,0.0499
1811,2747.42,1.64,2,5,86.0,0.0499
1812,2753.67,1.63,6,9,88.0,0.0499
1813,3410.18,1.64,1,4,88.0,0.0499
1814,2920.4,1.53,4,6,76.0,0.0499
1815,2808.93,1.65,3,5,72.0,0.0499
1816,2810.79,1.58,2,5,86.0,0.0499
1817,2689.28,1.5,6,6,84.0,0.0499
1818,3103.47,1.48,4,7,80.0,0.0499
1819,2787.92,1.56,2,6,74.0,0.0499
1820,2849.28,1.71,6,4,80.0,0.0499
1821,2888.44,1.54,10,7,84.0,0.0499
1822,2745.55,1.61,2,3,78.0,0.0499
1823,2954.76,1.52,5,10,86.0,0.0499
1824,2539.42,1.57,3,5,76.0,0.0499
1825,2854.26,1.62,6,12,68.0,0.0499
1826,2946.84,1.62,4,6,74.0,0.0499
1827,3261.35,1.52,5,4,86.0,0.0499
1828,3047.63,1.62,5,8,78.0,0.0499
1829,2942.85,1.68,7,10,74.0,0.0499
1830,2925.88,1.63,8,6,80.0,0.0499
1831,2728.1,1.62,5,4,80.0,0.0499
1832,2786.21,1.73,2,5,70.0,0.0499
1833,3103.56,1.49,2,2,80.0,0.0499
1834,3235.17,1.65,1,3,86.0,0.0499
1835,3114.38,1.5,3,7,84.0,0.0499
1836,2653.3,1.64,7,10,80.0,0.0499
1837,2990.18,1.66,4,8,84.0,0.0499
1838,2765.41,1.58,3,3,82.0,0.0499
1839,2797.11,1.57,4,6,74.0,0.0499
1840,2777.49,1.6,6,11,74.0,0.0499
1841,2949.85,1.52,6,7,82.0,0.0499
1842,2537.58,1.6,0,5,86.0,0.0499
1843,2700.2,1.58,0,5,90.0,0.0499
1844,2893.75,1.49,2,7,78.0,0.0499
1845,2709.91,1.55,1,2,82.0,0.0499
1846,2722.56,1.59,4,7,88.0,0.0499
1847,2594.81,1.61,5,15,72.0,0.0499
1848,2847.75,1.51,3,6,80.0,0.0499
1849,2804.88,1.67,5,6,78.0,0.0499
1850,2725.2,1.54,5,7,80.0,0.0499
1851,2761.01,1.68,4,10,80.0,0.0499
1852,2845.0,1.62,4,3,82.0,0.0499
1853,2772.85,1.5,6,4,80.0,0.0499
1854,2967.64,1.66,4,8,84.0,0.0499
1855,2777.72,1.53,4,6,74.0,0.0499
1856,2957.76,1.58,6,6,78.0,0.0499
1857,2810.43,1.62,2,5,82.0,0.0499
1858,2838.46,1.61,4,4,78.0,0.0499
1859,2750.85,1.49,4,12,78.0,0.0499
1860,2606.98,1.59,5,3,74.0,0.0499
1861,2792.67,1.61,5,6,72.0,0.0499
1862,3054.2,1.52,4,3,86.0,0.0499
1863,3016.46,1.54,4,5,84.0,0.0499
1864,2546.97,1.61,3,2,80.0,0.0499
1865,2786.98,1.58,4,4,86.0,0.0499
1866,2929.6,1.57,2,9,78.0,0.0499
1867,2652.1,1.7,4,4,82.0,0.0499
1868,2983.61,1.58,6,7,80.0,0.0499
1869,2931.35,1.57,6,7,82.0,0.0499
1870,2907.08,1.5,5,9,66.0,0.0499
1871,2705.13,1.61,4,4,78.0,0.0499
1872,2737.96,1.56,5,2,84.0,0.0499
1873,2949.91,1.58,3,5,80.0,0.0499
1874,2720.6,1.56,5,6,78.0,0.0499
1875,3163.45,1.57,3,6,86.0,0.0499
1876,3053.69,1.58,4,7,86.0,0.0499
1877,2787.89,1.62,6,4,86.0,0.0499
1878,2703.47,1.56,7,5,80.0,0.0499
1879,2785.36,1.65,3,9,82.0,0.0499
1880,3155.74,1.6,5,7,82.0,0.0499
1881,2757.25,1.55,4,7,78.0,0.0499
1882,2748.45,1.58,3,8,84.0,0.0499
1883,3261.24,1.43,9,8,80.0,0.0499
1884,2873.87,1.65,5,3,84.0,0.0499
1885,3192.18,1.54,1,3,88.0,0.0499
1886,2859.31,1.55,5,7,78.0,0.0499
1887,2858.84,1.6,5,13,84.0,0.0499
1888,3022.54,1.51,3,5,86.0,0.0499
1889,2945.95,1.67,3,6,76.0,0.0499
1890,2992.5,1.55,5,5,80.0,0.0499
1891,2671.28,1.58,2,2,84.0,0.0499
1892,2782.75,1.6,5,5,80.0,0.0499
1893,2575.71,1.48,6,8,68.0,0.0499
1894,2965.77,1.64,7,11,82.0,0.0499
1895,3092.26,1.7,3,5,80.0,0.0499
1896,2741.48,1.66,1,4,82.0,0.0499
1897,3111.78,1.46,4,7,84.0,0.0499
1898,3254.65,1.47,4,5,84.0,0.0499
1899,2631.33,1.64,2,5,82.0,0.0499
1900,2931.6,1.53,6,9,82.0,0.0499
1901,2920.81,1.54,3,9,78.0,0.0499
1902,2866.79,1.66,3,7,72.0,0.0499
1903,3118.97,1.51,3,10,78.0,0.0499
1904,3216.22,1.55,2,8,86.0,0.0499
1905,2952.2,1.58,5,6,72.0,0.0499
1906,3449.55,1.38,2,9,94.0,0.0499
1907,2911.39,1.59,1,7,72.0,0.0499
1908,3076.81,1.57,1,5,82.0,0.0499
1909,3302.55,1.39,6,8,90.0,0.0499
1910,2715.27,1.61,2,4,78.0,0.0499
1911,3255.64,1.55,7,11,86.0,0.0499
1912,2883.4,1.44,3,4,76.0,0.0499
1913,3254.01,1.55,3,1,76.0,0.0499
1914,2785.7,1.53,5,9,78.0,0.0499
1915,3008.51,1.71,3,8,80.0,0.0499
1916,2900.37,1.57,8,10,76.0,0.0499
1917,2888.52,1.65,1,5,84.0,0.0499
1918,2890.5,1.64,5,3,74.0,0.0499
1919,2952.07,1.65,3,8,82.0,0.0499
1920,2688.68,1.64,6,6,82.0,0.0499
1921,2852.28,1.57,5,7,72.0,0.0499
1922,2661.12,1.68,3,2,78.0,0.0499
1923,3215.77,1.52,2,3,76.0,0.0499
1924,3071.84,1.6,2,5,82.0,0.0499
1925,3037.8,1.56,4,6,90.0,0.0499
1926,2782.43,1.64,7,4,76.0,0.0499
1927,2963.95,1.55,5,8,72.0,0.0499
1928,2860.26,1.52,3,6,76.0,0.0499
1929,2994.31,1.59,5,11,84.0,0.0499
1930,3125.03,1.6,7,7,88.0,0.0499
1931,3248.78,1.46,3,9,82.0,0.0499
1932,3078.47,1.61,6,9,78.0,0.0499
1933,2675.22,1.61,8,7,90.0,0.0499
1934,2916.54,1.55,6,9,78.0,0.0499
1935,3108.1,1.51,2,7,82.0,0.0499
1936,2992.97,1.52,4,1,72.0,0.0499
1937,2648.61,1.67,4,6,84.0,0.0499
1938,2750.3,1.71,8,6,70.0,0.0499
1939,2873.43,1.63,7,9,86.0,0.0499
1940,2937.81,1.54,3,6,82.0,0.0499
1941,2841.92,1.55,3,7,68.0,0.0499
1942,2858.53,1.59,7,6,92.0,0.0499
1943,2617.99,1.67,2,8,72.0,0.0499
1944,3068.28,1.55,2,3,74.0,0.0499
1945,2969.21,1.49,1,3,80.0,0.0499
1946,2946.95,1.52,3,6,66.0,0.0499
1947,2846.56,1.55,5,5,82.0,0.0499
1948,2711.83,1.62,4,5,88.0,0.0499
1949,2866.37,1.61,5,6,84.0,0.0499
1950,2809.94,1.52,3,8,80.0,0.0499
1951,2929.44,1.53,4,4,80.0,0.0499
1952,3047.27,1.54,4,8,72.0,0.0499
1953,2696.75,1.66,6,6,76.0,0.0499
1954,2771.78,1.6,5,6,82.0,0.0499
1955,2966.64,1.7,3,4,80.0,0.0499
1956,2812.51,1.66,3,5,78.0,0.0499
1957,2690.48,1.66,5,11,70.0,0.0499
1958,2903.41,1.59,8,12,70.0,0.0499
1959,3040.65,1.5,4,4,78.0,0.0499
1960,3419.11,1.53,3,4,76.0,0.0499
1961,3267.96,1.59,3,5,84.0,0.0499
1962,3198.17,1.57,3,5,70.0,0.0499
1963,2949.56,1.55,3,6,84.0,0.0499
1964,3082.79,1.53,2,2,80.0,0.0499
1965,2931.39,1.49,2,5,84.0,0.0499
1966,2775.01,1.54,9,5,78.0,0.0499
1967,3082.09,1.53,7,6,80.0,0.0499
1968,2739.69,1.54,4,3,72.0,0.0499
1969,3142.87,1.58,3,3,78.0,0.0499
1970,2922.72,1.61,3,2,82.0,0.0499
1971,2930.68,1.62,5,5,80.0,0.0499
1972,2829.69,1.68,4,5,80.0,0.0499
1973,3114.69,1.56,2,4,76.0,0.0499
1974,3071.76,1.59,4,5,78.0,0.0499
1975,2850.38,1.58,2,8,78.0,0.0499
1976,2988.61,1.45,5,4,76.0,0.0499
1977,2921.05,1.44,1,4,80.0,0.0499
1978,2898.86,1.58,7,3,78.0,0.0499
1979,2830.31,1.66,2,3,72.0,0.0499
1980,3047.54,1.59,3,3,70.0,0.0499
1981,2925.62,1.51,4,6,76.0,0.0499
1982,3005.61,1.55,1,5,78.0,0.0499
1983,3301.47,1.54,4,7,76.0,0.0499
1984,3185.12,1.48,5,6,84.0,0.0499
1985,2807.48,1.44,3,6,72.0,0.0499
1986,3078.35,1.52,5,9,82.0,0.0499
1987,3338.33,1.36,3,8,88.0,0.0499
1988,3426.43,1.54,1,5,76.0,0.0499
1989,3095.17,1.53,3,7,68.0,0.0499
1990,2705.18,1.6,5,6,78.0,0.0499
1991,3072.6,1.5,2,9,88.0,0.0499
1992,3090.18,1.39,3,7,80.0,0.0499
1993,2655.09,1.66,4,3,72.0,0.0499
1994,2806.91,1.74,5,5,90.0,0.0499
1995,2693.23,1.57,10,12,72.0,0.0499
1996,2894.12,1.6,4,8,84.0,0.0499
1997,3364.23,1.56,6,5,86.0,0.0499
1998,3025.89,1.5,2,3,82.0,0.0499
1999,3180.48,1.48,4,11,72.0,0.0499
2000,3040.07,1.63,1,5,84.0,0.0499
